y_true,y_pred_non_normalized,M2_non_normalized,M4_non_normalized,y_pred_normalized,M2_normalized,M4_normalized
0,0,8808070.82013539,355810902320192.06,0,0.0003549419431910853,5.597532371210747e-07
0,0,5769455.622815912,195584385300730.88,0,0.0005191845689189624,9.268771938551303e-07
0,0,21021329.178677026,1185630534119578.8,0,0.000252916083526102,3.246626546831179e-07
0,0,176255.209418583,377914141004.26544,0,0.0012051457042194338,5.925623640319636e-06
0,0,16602297.153854288,827533970457876.8,0,0.0002653874940212566,3.83775966688767e-07
0,0,1045127.4491752187,11324940511402.04,0,0.0009225521557426201,2.363887945318259e-06
0,0,22792248.181838825,1265305226439609.5,0,0.00017320969895865632,1.7750298122586666e-07
0,0,6446849.000877393,216825346857171.9,0,0.0005756389919262019,1.0768590062425576e-06
0,0,22154949.152004275,1203983990548443.0,0,0.00016641133049869914,1.8328127617176447e-07
0,0,6685150.573586362,233046651872685.5,0,0.0005553174113123746,1.0256618580525352e-06
0,0,6572697.948685088,229272133280621.5,0,0.000519828347466969,8.921456712870379e-07
0,0,14472483.202027462,666202814127030.1,0,0.0003230897051162025,5.05981813226652e-07
0,0,9991560.50744558,388803493275346.7,0,0.0004185511188517396,7.268689591697251e-07
0,0,8686015.578422055,321946766973230.7,0,0.0004780884531729692,8.516976776536838e-07
0,0,1062070.1337777518,9804195653345.596,0,0.0009670441783471669,2.5299331188280524e-06
0,0,19050911.929855697,1029566476146086.4,0,0.0002058750217105185,2.6906125191440106e-07
0,0,1276822.1165442246,17221202018936.113,0,0.0008896440010073756,2.0568346233467815e-06
0,0,33633389.271761894,2747351641204944.0,0,8.730187971340298e-05,5.644047441036424e-08
0,0,1965467.4447650053,43531307197307.086,0,0.0007374036166838958,1.459665710728607e-06
0,0,28076856.428780526,1997020960291902.8,0,9.430066874533828e-05,9.292481812653809e-08
0,0,6482154.135071707,219210902758257.8,0,0.0005692600923072524,1.0583985046462681e-06
0,0,31736379.30914043,2495828167815839.0,0,0.00014927260705290799,1.448021569715454e-07
0,0,18520448.039089054,1032710958915056.1,0,0.00016497888289788426,2.2424582923787173e-07
0,0,21246981.457939595,1107595659244982.5,0,0.00016270820104440954,1.7262356125211758e-07
0,0,2870652.0309361448,63989138131016.234,0,0.0007517717286638539,1.5406676149794091e-06
0,0,30262505.75275129,2206508136805125.0,0,0.0001256818131896614,1.0491669581220347e-07
0,0,8458914.15800176,314428631555221.5,0,0.0004576446282531432,7.999374255891438e-07
0,0,12132438.378917534,528813039725223.44,0,0.00039582770223715175,6.832550724426948e-07
0,0,33483201.657520235,2731908695696124.0,0,0.00012881854181548758,1.0098409694516835e-07
0,0,8557893.455779074,304981005739014.44,0,0.0004940759549718313,8.840281995628367e-07
0,0,17097971.281718634,899926459433540.2,0,0.00022996736897421672,3.455619824541437e-07
0,0,24095805.1449587,1343666697338073.8,0,0.00014901894343819774,1.5704562364314068e-07
0,0,9138232.514972052,334950418584338.2,0,0.0004511119172070478,7.901347739988814e-07
0,0,6014069.544256277,183500817954280.1,0,0.0006201390716620696,1.2170192439719637e-06
0,0,13328153.883760871,633290325011447.8,0,0.0002994471227165385,4.734645316198147e-07
0,0,53010582.476527266,1.0516596783238142e+16,0,7.47848962607091e-05,2.69432541762092e-08
0,0,18246338.0587452,946719509618873.4,0,0.0002636100220258686,3.715250759719366e-07
0,0,65944345.65306319,3.4256631900680676e+16,0,3.817423569750402e-05,6.723958474276362e-09
0,0,2996780.6639686697,72387028573348.53,0,0.0006931597218853814,1.3229886306869303e-06
0,0,2184597.0529760662,39192012835854.1,0,0.0008178971530750824,1.7399297834597595e-06
0,0,6082605.690558933,174454265185938.78,0,0.0005504768476924855,9.75191243231193e-07
0,0,6523959.147489605,211736123073579.56,0,0.0005846983786811697,1.1180219819985728e-06
0,0,35092695.14064371,3171436684498209.0,0,8.556251192186566e-05,5.343541706715321e-08
0,0,1168003.6139989886,7506219861899.421,0,0.0010742221533399728,3.271962082957355e-06
0,0,14974374.02015934,777851350300397.1,0,0.00024369431351795755,3.525108837136327e-07
0,0,11502972.158042843,472697163262154.94,0,0.0003270284916332885,4.936217545369533e-07
0,0,1118016.5979864865,11069043068247.12,0,0.0009518884248090997,2.5503152755754352e-06
0,0,52175277.69602233,7853515579733311.0,0,6.24635502629894e-05,1.480266480281132e-08
0,0,6500107.3127379,220646235157414.12,0,0.0005741139156251666,1.0744853422504368e-06
0,0,22673816.463570196,1454081287934415.5,0,0.0001798707946060722,2.2556669595104852e-07
0,0,20556390.176506314,1142758007952610.8,0,0.00022986349695080946,3.2392148426619624e-07
0,0,6267670.504403525,215114078005844.12,0,0.0005522160371877724,1.0136177032687372e-06
0,0,9991560.50744558,388803493275346.7,0,0.0004185511188517396,7.268689591697251e-07
0,0,21077837.96946354,1193839681278479.5,0,0.0002541190396905478,3.263733960805482e-07
0,0,6484649.460759036,219393306458954.75,0,0.0005756818827655278,1.0783942943927478e-06
0,0,6250326.5264851665,177228986405214.84,0,0.0006933266288795479,1.4116107750441541e-06
0,0,6508689.047118711,220767768355799.56,0,0.0005754812001156637,1.0767982142244975e-06
0,0,650342.6096451447,4637375023042.652,0,0.0010268151397424864,3.2718416469906625e-06
0,0,7241618.5947275525,266698869936395.84,0,0.0004893874377258475,8.655628798753119e-07
0,0,15198364.897103617,722962218197723.6,0,0.000310038942009342,4.90184133998156e-07
0,0,2903636.826601346,60642614774554.414,0,0.000779709991627654,1.6542040740990092e-06
0,0,19379700.055587545,1057088988429581.0,0,0.00020051576393016488,2.6736612829673425e-07
0,0,541027.134375207,3131605180156.001,0,0.0010830214776479,3.947438985808058e-06
0,0,12214198.766750405,525943939213953.0,0,0.0004060922396742563,6.898849627571778e-07
0,0,6514666.247127374,222093936989400.34,0,0.0005724411641875957,1.0710323426111095e-06
0,0,16562864.753569128,801731925384096.2,0,0.00023939171344974973,3.2311271823018454e-07
0,0,24851323.789643195,1456249329371338.8,0,0.00014300500126466297,1.3894919822823198e-07
0,0,13756953.091005558,665436199574691.5,0,0.0003017270129058648,4.704626095122522e-07
0,0,15608278.042571872,765260654428855.1,0,0.00022119929952705834,3.0887762745770724e-07
0,0,13637648.536589677,623775320127578.8,0,0.00028015510438422883,4.1661920099561416e-07
0,0,6362662.200737329,253628466989408.84,0,0.00044723680385032387,7.27145945851355e-07
0,0,6250326.5264851665,177228986405214.84,0,0.0006933266288795479,1.4116107750441541e-06
0,0,541027.134375207,3131605180156.001,0,0.0010830214776479,3.947438985808058e-06
0,0,30922695.556770667,2305045684426914.5,0,0.00014733379893484917,1.3500360457932173e-07
0,0,372880.24369391694,1876962938105.7031,0,0.0010865389106318967,4.012763932103985e-06
0,0,1732497.8538830136,25166396410390.312,0,0.0008820831307511104,2.0668785368038903e-06
0,0,3397368.6668986212,91298841665390.6,0,0.000631970512391278,1.186390664173443e-06
0,0,7884830.96987628,315051955253365.7,0,0.000406822649121445,6.689249673113032e-07
0,0,6239338.702041794,216301945872130.47,0,0.0005229945449435036,9.449440818659233e-07
0,0,8966949.096569918,346875474779677.06,0,0.00041674983096630976,7.173506110078968e-07
0,0,21550605.33459629,1136257476088465.0,0,0.0001721169572748344,1.9463936419207141e-07
0,0,613191.8094190927,2820876063208.949,0,0.0011281167332255774,4.9890749768336465e-06
0,0,11484930.559311131,501535916240770.1,0,0.00041042150945695845,6.880004009067141e-07
0,0,852754.2077386382,6603091594518.833,0,0.0009765325726166595,2.910850092910658e-06
0,0,23802000.684967823,1507990655301207.8,0,0.00020405726760381416,2.282940965524604e-07
0,0,6263778.481536211,215034293886750.47,0,0.000530118537025238,9.606995968825098e-07
0,0,502583.45005324867,3980235556285.308,0,0.0010070224435685966,3.0810924071277437e-06
0,0,1321435.3736719675,15212648827616.682,0,0.0009087391095142541,2.264292515675271e-06
0,0,7683169.421781449,288841076434192.5,0,0.00046201892873741235,7.896441038008209e-07
0,0,6250326.5264851665,177228986405214.84,0,0.0006933266288795479,1.4116107750441541e-06
0,0,6178568.620651252,204054896975725.22,0,0.000569352624258659,1.0490281395210232e-06
0,0,6265816.929536901,178313116618977.2,0,0.0006915874446072892,1.4065972040470364e-06
0,0,21559188.39463736,1132446827464063.8,0,0.0001685940621964285,1.9193371548396117e-07
0,0,30919751.06066655,2252318381037177.5,0,0.00015083509696373862,1.3149195261234842e-07
0,0,416314.73069512454,2342501801985.4756,0,0.0010602607013949846,3.7575320861318624e-06
0,0,18532820.401771154,906574126075496.5,0,0.00020315366688899476,2.506184053594676e-07
0,0,7327626.409292531,250526935612834.38,0,0.0004946741768572402,8.95096717284859e-07
0,0,5087312.180147096,158391772159944.62,0,0.0006206141341540327,1.143737264403636e-06
0,0,354053.0345008127,1918059639668.084,0,0.0011005578001793785,3.990456980524396e-06
0,0,6484649.460759036,219393306458954.75,0,0.0005756818827655278,1.0783942943927478e-06
0,0,17073524.696667243,909189404187864.1,0,0.00023163492407029073,3.5096057558770003e-07
0,0,11980502.116108552,541771652933124.06,0,0.00031767952106982186,5.029915639565802e-07
0,0,8494132.479269957,312438929557709.56,0,0.000462995687596657,8.056392962110189e-07
0,0,24664593.45785552,1416380874881010.5,0,0.00012476417145829163,1.3440622995564367e-07
0,0,20572925.126748096,1132662335067053.2,0,0.0002323108057329593,3.211145376798456e-07
0,0,6536674.574155792,222855694879442.34,0,0.0005735679611141377,1.0656327395013896e-06
0,0,8181326.469840293,281376639034078.94,0,0.0005383030756391087,9.869867813062336e-07
0,0,6750158.861141967,221511079914399.34,0,0.0005731191480201286,1.0896410219820739e-06
0,0,6273017.44963382,217141893186711.25,0,0.0005489535298006251,1.0040404165220117e-06
0,0,6250326.5264851665,177228986405214.84,0,0.0006933266288795479,1.4116107750441541e-06
0,0,31733020.135278076,2496943665850586.0,0,0.00014975686860614073,1.4533209628183348e-07
0,0,46838824.396566354,6921716139486879.0,0,8.123432382316299e-05,3.593115672415617e-08
0,0,36929973.63666152,3602902579287463.0,0,4.85106196104601e-05,3.6288419210803384e-08
0,0,12161698.790993521,521663480207733.25,0,0.0004043904848818287,6.858138895755277e-07
0,0,8173430.164209754,305371655505169.0,0,0.0004368471918005906,7.345137067560079e-07
0,0,13555135.3649267,626128287458604.4,0,0.00035199308320719476,5.570436047919995e-07
0,0,53465032.96021126,1.356699613003856e+16,0,2.9271069757656646e-05,4.730975533788313e-09
0,0,6750905.878010524,216632747510998.06,0,0.000584871588909928,1.1198666706078324e-06
0,0,52194510.21847849,7863468244543950.0,0,6.173333337035144e-05,1.4446217405560694e-08
0,0,568507.1245620997,4009310764218.599,0,0.001010823722223888,3.146584944211993e-06
0,0,9529319.008901956,358812613717642.25,0,0.00040791534537170515,6.926140820566401e-07
0,0,28066970.977196064,1995835261305381.0,0,9.428894107415135e-05,9.264937264389774e-08
0,0,6250326.5264851665,177228986405214.84,0,0.0006933266288795479,1.4116107750441541e-06
0,0,12147638.23311297,532139398798156.9,0,0.0004472593705522993,7.868379038275184e-07
0,0,15320675.596820874,741394332679248.0,0,0.00032568055562321146,5.071079236448223e-07
0,0,14992164.410629798,751890889300869.5,0,0.00029604882020219233,4.667480819445106e-07
0,0,7894057.241395816,290513647239854.75,0,0.0004584336783545605,7.942208732327161e-07
0,0,96487.6388108984,32573436725.896084,0,0.0013141008597326712,8.354469173559478e-06
0,0,1121587.1348806235,13252782696548.861,0,0.000853775506653555,2.1431131706087444e-06
0,0,30905356.71731926,2377043222822039.0,0,7.386986221630292e-05,6.633757061476224e-08
0,0,93861.40638933193,31596336102.89451,0,0.001312029664337697,8.372762873628845e-06
0,0,13219235.572875531,624859791114693.2,0,0.00029593274068935306,4.687984090719755e-07
0,0,23050969.437898725,1377029001345005.5,0,0.00023648020979521604,3.041954637676457e-07
0,0,64418781.25390288,2.0523492168064644e+16,0,4.875950567710934e-05,8.490881275834752e-09
0,0,25186774.002830587,1564250705965498.0,0,0.00017617716634031708,1.9802497320786295e-07
0,0,14831852.822326483,670227988333075.6,0,0.0002194690049198359,3.1462751186885027e-07
0,0,7859011.423819675,287397332734101.75,0,0.0004565637111209309,7.901754393348527e-07
0,0,11407009.081185129,483258743457697.06,0,0.00031039616454974286,5.073480560182561e-07
0,0,10416175.63981568,423219878472268.25,0,0.00035648311405892685,5.541636177882766e-07
0,0,11771836.331238315,479529505977669.2,0,0.0003605126033990984,5.84870197080648e-07
0,0,4476968.923980186,138572193259032.12,0,0.0006062746839755351,1.1027037397243101e-06
0,0,6434581.6044448,217433846940783.53,0,0.0005720934025537579,1.0570625075879339e-06
0,0,20042262.07884467,1039155152088308.8,0,0.0002052792469471001,2.6669227225463727e-07
0,0,234722.1134231894,418769194619.56647,0,0.0012949576240746355,8.120562205697246e-06
0,0,14685867.091595372,757937033108286.4,0,0.00031794254035865863,4.5920756768539646e-07
0,0,31211306.503133774,2421118222985805.5,0,0.00011429392014689135,9.001294748966639e-08
0,0,613191.8094190927,2820876063208.949,0,0.0011281167332255774,4.9890749768336465e-06
0,0,6226701.567188877,175681812761953.44,0,0.0006939315248429774,1.4132225372925078e-06
0,0,39657139.632605776,3895075685490180.5,0,8.01046522090668e-05,3.4784531614976336e-08
0,0,2870785.9162145415,48659114208832.305,0,0.0008593085508510501,1.9987213448940902e-06
0,0,6186212.453027468,205695064361883.12,0,0.0005641220064629092,1.0386128516631641e-06
0,0,6057216.241422886,202262121162380.66,0,0.0005637286204054564,1.0260200201518033e-06
0,0,6353619.828394985,224312469380722.34,0,0.0005524164959725669,9.878219687000327e-07
0,0,31957349.776511922,2370851887479100.0,0,0.00012221922837145965,9.035696204843121e-08
0,0,11728427.478732057,503756931444548.7,0,0.0004641866915573567,8.151255142064925e-07
0,0,4264518.2584532285,91933257970830.4,0,0.0007087745392805573,1.4491872808607632e-06
0,0,828933.5151882939,9603974460549.098,0,0.0008978126912659514,2.2592374617112173e-06
0,0,13425097.840203963,647743765360319.4,0,0.00029022146710466713,4.1994082704948935e-07
0,0,6265666.8872274505,217357407688993.7,0,0.0005623707840018696,1.0381359135716522e-06
0,0,6016540.051316185,183958282503036.7,0,0.0006204565102377789,1.2179559830095477e-06
0,0,21679377.75324556,1185773660854344.5,0,0.00017375796289203208,2.056876885600499e-07
0,0,40663522.17000182,4338379580348143.0,0,0.00010445857231879753,6.598394192878351e-08
0,0,10553666.745530866,403824490143251.9,0,0.00036452406001382884,5.801043981549278e-07
0,0,19363195.66917634,986378373307393.1,0,0.00016969668325865107,2.1311355474585725e-07
0,0,2426427.0641773967,40122850863221.62,0,0.0008873107020488423,2.1342519015051615e-06
0,0,115683.20741347728,96374213255.55492,0,0.0013223324086282027,8.32771601675432e-06
0,0,91643.85505913406,34826630159.49826,0,0.0013103793627187521,8.411183349415545e-06
0,0,6420592.6207203595,217034854405178.8,0,0.0005702379255311734,1.051237545572004e-06
0,0,21801327.67615472,1262712972710517.0,0,0.00023146327569511702,3.1426785807172763e-07
0,0,13649228.827534152,594376215681159.1,0,0.0003031873153997702,4.5402462091444074e-07
0,0,1747767.8912542227,30638777853482.707,0,0.000791680582265294,1.6220270060591996e-06
0,0,30560992.93826051,2324365833246183.0,0,0.00011443400505365133,9.086416120485461e-08
0,0,18768002.216093775,996127631484623.8,0,0.0002114572555655366,2.868639083178322e-07
0,0,8207142.775144078,332363580853362.56,0,0.00048746224579964694,8.428466893526502e-07
0,0,33984860.043960415,2861057204278743.0,0,9.332698236137178e-05,5.5489596220566876e-08
0,0,3055924.1458641193,61570178484404.76,0,0.0008121011142356621,1.7556900863217135e-06
0,0,2160916.6235356615,44135912276983.15,0,0.0008143711644635309,1.7514369885439483e-06
0,0,6928048.329253589,233462571917374.22,0,0.0005233913088972096,9.386332248351127e-07
0,0,11867653.175482105,521019898213925.6,0,0.0003325887014256959,5.339296161521853e-07
0,0,5021646.593036143,141715260477891.88,0,0.0006181869213626861,1.1512694304946509e-06
0,0,24580498.235171583,1408257280971206.0,0,0.00012477626365017417,1.3489404622117978e-07
0,0,6946650.929478303,249942217831437.88,0,0.0005926372226585048,1.1301532183092275e-06
0,0,5460776.701112809,152034968552261.84,0,0.0006617595894907789,1.276462105754823e-06
0,0,4280164.452334471,92971075629860.73,0,0.0007030556065000083,1.4293635269354126e-06
0,0,16933966.907243796,807918603530427.5,0,0.0002483911706002219,3.6169261202043303e-07
0,0,3246579.8160640304,73179576265882.39,0,0.0007365335763742771,1.539625942575626e-06
0,0,7373021.863839752,242068910390762.25,0,0.0005736753340575377,1.0799851244738297e-06
0,0,6250326.5264851665,177228986405214.84,0,0.0006933266288795479,1.4116107750441541e-06
0,0,287113.23870822275,838875020546.3696,0,0.0011827393502336176,5.399035084207626e-06
0,0,7362427.387009297,240916807801406.28,0,0.0005721748202850392,1.075110192408148e-06
0,0,10294717.979104351,454078254054321.06,0,0.0003372868790213539,5.311310517971674e-07
0,0,30286160.751614023,2176152859504989.5,0,0.00014999206001620812,1.3454674475831407e-07
0,0,7359842.268040857,268183407228527.16,0,0.0005412792108428037,9.796368032915696e-07
0,0,7866781.7266839575,275328954022667.6,0,0.00042385219708083316,7.128808114793251e-07
0,0,16794793.844904624,893259764702474.8,0,0.00021797640954568116,3.0253933347145883e-07
0,0,16895699.79662699,866950299804253.9,0,0.0002055456427996869,2.7533789083990966e-07
0,0,8022829.799429551,315521827249317.6,0,0.0004133508039237307,6.906366406591071e-07
0,0,16296504.820782527,780586322688166.8,0,0.00026036078530885024,3.6272806347138996e-07
0,0,29998492.388358664,2211912982625052.0,0,0.00011541267967575219,9.693532594022625e-08
0,0,32286329.96631161,2679741673329769.0,0,7.57402258908272e-05,6.359786125769433e-08
0,0,8724033.498347763,322083548962909.2,0,0.0004819841053989296,8.593627644326821e-07
0,0,6439279.549603755,217853999590221.38,0,0.0005725455324824492,1.058341486914191e-06
0,0,6270838.00820482,178659730625624.28,0,0.0006912975472083117,1.4056758937181756e-06
0,0,20586297.763286695,1139471426831356.5,0,0.00021225828761454573,2.704250413892342e-07
0,0,12466358.414487144,571474457875795.9,0,0.00034711718011057606,5.589271022084384e-07
0,0,369629.79694164044,1995255322637.2737,0,0.0010803212081407754,3.961923561944569e-06
0,0,7044015.916698939,259766928762331.38,0,0.0004750109590704171,8.304777756233015e-07
0,0,12132438.378917534,528813039725223.44,0,0.00039582770223715175,6.832550724426948e-07
0,0,21396253.688121658,1180897976425256.8,0,0.00016403353108814447,1.7244899444796064e-07
0,0,21077837.96946354,1193839681278479.5,0,0.0002541190396905478,3.263733960805482e-07
0,0,17840443.663038727,929332553822457.6,0,0.00023272099165643693,3.2127132259780197e-07
0,0,5858832.153064155,204691317742384.1,0,0.0005718861212316656,1.0266130227990272e-06
0,0,11237472.792570598,493590666200459.3,0,0.0004023317419416069,6.474021064957064e-07
0,0,21838351.5723405,1240848982090428.2,0,0.0001514430410474257,1.7133301383392708e-07
0,0,2813291.6389545295,61948857555362.07,0,0.0007738585192361254,1.5561540898144817e-06
0,0,3044148.3037709747,62083127254066.69,0,0.0007666878092083029,1.6065556988284505e-06
0,0,20556390.176506314,1142758007952610.8,0,0.00022986349695080946,3.2392148426619624e-07
0,0,3246579.8160640304,73179576265882.39,0,0.0007365335763742771,1.539625942575626e-06
0,0,11837121.755253213,524859373329892.56,0,0.0002941792994485588,4.7553988915037546e-07
0,0,18915147.11307669,1007828079281412.4,0,0.00019489087612520296,2.508966172049454e-07
0,0,28568241.863704715,2023460873808551.2,0,0.00010216361957194205,9.20416645497653e-08
0,0,33260344.98292093,2701865211507098.5,0,9.355292770728996e-05,5.7530752368687655e-08
0,0,1122071.5023006487,13109509093975.568,0,0.0008575383335144343,2.166468533610205e-06
0,0,7967507.485537186,270906619572696.34,0,0.00043753764304825873,7.283910177704067e-07
0,0,30330668.33721955,2184672975533195.2,0,0.00015049765314247064,1.349580661988877e-07
0,0,36276163.139780015,3262342682346053.0,0,8.10950575439697e-05,4.3942326839497976e-08
0,0,3485353.2943747486,88894200689471.88,0,0.0007279177967415623,1.4259712941686267e-06
0,0,6217810.2965378165,175176176494422.3,0,0.0006936823129771171,1.4125629188793854e-06
0,0,9490625.654976586,407422966645527.94,0,0.00035960488716344673,5.833819977128809e-07
0,0,15549932.80884584,749309759329272.6,0,0.00022336140515946128,3.114397618426801e-07
0,0,25102634.84682852,1497542707597631.0,0,0.000138241749550983,1.434464884729997e-07
0,0,17083379.687744908,906129840367360.1,0,0.00023343493985789656,3.5668526957572717e-07
0,0,9799446.67255247,445450908320484.25,0,0.0003719141982331365,6.135015358985909e-07
0,0,6162879.245161439,204086359924240.72,0,0.0005633498972282875,1.0368791045700712e-06
0,0,6205748.978304349,174976947632429.66,0,0.0006929748779246325,1.408599143558038e-06
0,0,2879256.6077925875,49245094144579.7,0,0.0008555049514537249,1.9829281862409386e-06
0,0,8122266.70780074,319805339600338.6,0,0.0004166251401887504,7.100505974667814e-07
0,0,27586622.68871784,1885445535758799.2,0,0.00010306862792772633,9.873384028437868e-08
0,0,6231476.839378482,176190465289608.28,0,0.0006924740810218141,1.4107079479571515e-06
0,0,33917888.69973987,2892204360833189.5,0,7.458674130911904e-05,4.9217982155759584e-08
0,0,13327455.25040223,551892946485042.9,0,0.00028908477166622256,4.146779342132006e-07
0,0,6766244.618042322,228379086423337.3,0,0.0005720062394595447,1.0633743172796653e-06
0,0,5010205.468701432,154573056344338.16,0,0.000586233357374075,1.0561147147022646e-06
0,0,12205994.789182046,554501663437952.3,0,0.0003172616406218095,4.9895343491637e-07
0,0,8935345.308468768,320882828923906.94,0,0.0004534215124214142,7.893348214142256e-07
0,0,25204470.429037537,1580700858778995.8,0,0.0001812871252087061,2.0008845129822816e-07
0,0,6263342.086144069,178365695663072.84,0,0.0006913537596651906,1.4075646991733242e-06
0,0,18636579.13929848,1039474951160653.1,0,0.0001579040452068704,2.1297133729539735e-07
0,0,5002188.7409935845,155162496035113.47,0,0.0005835704335450842,1.0487134752202123e-06
0,0,18547282.100051466,1036553008318401.0,0,0.00016528488685830223,2.2243840967798425e-07
0,0,15833542.17311521,730814344917823.0,0,0.00024327835118788963,3.4800198960195445e-07
0,0,32525319.949916944,2364719369011158.5,0,8.984311614505469e-05,5.300772122244613e-08
0,0,41040094.01875169,4610074290091083.0,0,0.00011051026593220507,7.571725934462815e-08
0,0,12538286.64717623,591429624285331.2,0,0.0003590533675177269,5.692984585045301e-07
0,0,15148685.32692746,720542824214428.6,0,0.00031486293293690303,5.050934372483721e-07
0,0,7490176.218621178,260137504586193.0,0,0.0005466044600010453,9.96657100431468e-07
0,0,3252050.886195598,64825705218529.14,0,0.0007736322632230663,1.6656110017951678e-06
0,0,14693322.586424327,730391403496391.1,0,0.00029849254060418287,4.5659258207704277e-07
0,0,9956922.412275668,388505664553131.5,0,0.0004154621956684722,7.210444145341745e-07
0,0,20594945.85449703,1116709918013337.8,0,0.00023061939814071798,3.150302473253683e-07
0,0,6263342.086144069,178365695663072.84,0,0.0006913537596651906,1.4075646991733242e-06
0,0,32929911.490416512,2629862666674022.5,0,0.0001517248394332076,1.265959289962632e-07
0,0,29615373.854921553,2053892469532193.5,0,9.584353333511805e-05,8.527742406416311e-08
0,0,12052840.211976876,519902859119489.75,0,0.0003960731546547181,6.837561658238684e-07
0,0,13035705.847949544,582116273781490.8,0,0.0003812569649143662,6.267508711594587e-07
0,0,21489478.91291293,1090618252533072.0,0,0.00015454490931493694,1.5432864468574378e-07
0,0,31148467.784173105,2465070294440975.5,0,8.013820693206069e-05,7.419465334562272e-08
0,0,7730317.991496453,278619650626412.56,0,0.0004618715903854477,7.950312244499661e-07
0,0,8610876.170488449,368469906816129.44,0,0.0004427841920864352,7.35927888291012e-07
0,0,1512184.5243322896,17327314574173.613,0,0.0008975401384861323,2.1764635492107935e-06
0,0,18835461.897434827,1013130570298647.0,0,0.000198130717647414,2.618884377804345e-07
0,0,6484649.460759036,219393306458954.75,0,0.0005756818827655278,1.0783942943927478e-06
0,0,34538521.570493035,2794156720027405.5,0,7.801952623939982e-05,3.412641194352521e-08
0,0,59922893.4078352,1.6607827012358394e+16,0,6.596086811006959e-05,2.399639002232722e-08
0,0,14979163.059506992,750013806458538.5,0,0.0002964097179957348,4.6678796418819943e-07
0,0,6263342.086144069,178365695663072.84,0,0.0006913537596651906,1.4075646991733242e-06
0,0,34906583.778086446,3018488057511069.0,0,8.847165483650253e-05,6.825366813326466e-08
0,0,1122979.1055292,13044653766951.707,0,0.0008579465726819486,2.172257701139048e-06
0,0,6458312.178880848,219172154595902.56,0,0.0005719623366172632,1.0561020672123481e-06
0,0,13877090.369241053,612960838116976.5,0,0.00031501793261152507,4.768796973486366e-07
0,0,10119038.71066445,376994012154101.2,0,0.0004231771367030827,7.193903395764565e-07
0,0,6250326.5264851665,177228986405214.84,0,0.0006933266288795479,1.4116107750441541e-06
0,0,234835.83516858684,418933452721.4885,0,0.0012949600077874722,8.148190452411372e-06
0,0,13096233.11029451,555576656028121.0,0,0.0002900702208035442,4.2884097870342197e-07
0,0,1151683.1300882425,14292266133801.91,0,0.0008439134130939246,1.9512481785806886e-06
0,0,11011989.210789291,458342573705818.0,0,0.0003747509129469242,6.251420544003052e-07
0,0,6458741.409380429,218236585695623.34,0,0.0005801697818977455,1.0822430095848426e-06
0,0,6250326.5264851665,177228986405214.84,0,0.0006933266288795479,1.4116107750441541e-06
0,0,5010205.468701432,154573056344338.16,0,0.000586233357374075,1.0561147147022646e-06
0,0,16927359.13084143,894823388358718.8,0,0.00023072214480564658,3.508464343447417e-07
0,0,456400.86185662093,1649341740148.9155,0,0.0010764699784082232,3.666003956348596e-06
0,0,6263342.086144069,178365695663072.84,0,0.0006913537596651906,1.4075646991733242e-06
0,0,8066729.790010078,310475979276262.8,0,0.0005233072798349748,9.594704555744558e-07
0,0,2697174.4294913607,57932615395181.46,0,0.0007548845956932611,1.549046696599026e-06
0,0,33415060.53494031,2779788896577859.5,0,7.001481924325926e-05,4.514885615360944e-08
0,0,6348643.054144225,224556321478167.1,0,0.0005488830286188663,1.0121145301124652e-06
0,0,18831978.68591178,998599701930397.1,0,0.00020271101727460707,2.6722495301911293e-07
0,0,7449122.906728187,256485602726540.53,0,0.0005474045346074439,9.99731892937789e-07
0,0,6275632.951870774,179613613451958.25,0,0.0006891245222144525,1.4011971802421546e-06
0,0,32525230.559815273,2418322491333047.5,0,0.00012188141773977632,8.912397724152092e-08
0,0,28356187.861172542,2002367393106381.5,0,0.00011999000159601094,1.1074953180854316e-07
0,0,6273558.726272172,179090574412156.12,0,0.0006890983910357044,1.4008579482592242e-06
0,0,40798584.34967822,4368829595747316.5,0,4.968262347149255e-05,2.123153050707031e-08
0,0,10605709.068769777,419047739303378.1,0,0.0003748801457732621,6.23586833204663e-07
0,0,8038045.6416322505,314062022853481.44,0,0.000415398457099173,6.95691171079651e-07
0,0,12887010.33271762,575347564603162.4,0,0.0003989117792818404,6.677143228304801e-07
0,0,6250326.5264851665,177228986405214.84,0,0.0006933266288795479,1.4116107750441541e-06
0,0,46598102.26213382,5970334440388860.0,0,6.562971683311784e-05,2.153861286526736e-08
0,0,52684839.19572329,8958059419901423.0,0,7.291306151100175e-05,2.0727938296842967e-08
0,0,26679184.45209498,1772971244887317.5,0,0.00010502518646664458,1.0666241311758057e-07
0,0,18194453.516339894,973699477510138.6,0,0.0002350685020758722,3.1849575954444305e-07
0,0,3236256.657554943,72504053796483.12,0,0.0007369870017504229,1.5394223410283098e-06
0,0,6662909.698446871,219229911249911.2,0,0.0005797033058220992,1.103583240180018e-06
0,0,4625165.0817672955,145878252052833.56,0,0.0005793580965356747,1.03109184778848e-06
0,0,397013.4075651341,2291348018171.7876,0,0.0010616030458475768,3.7795343209329483e-06
0,0,18966032.402176253,934591950521380.2,0,0.00019986017095325852,2.6493984377000806e-07
0,0,2144407.7269295002,41410109267348.02,0,0.0008391760680729326,1.8638682376689016e-06
0,0,27331803.72412948,1925367030875340.5,0,0.00012021333512298986,1.1387028014473328e-07
0,0,12811245.87878537,540995150992716.9,0,0.00029763733302713106,4.420381901800164e-07
0,0,10427561.109991642,418406857545706.75,0,0.0004181314087148334,7.061302198672559e-07
0,0,3505052.1384169473,96399748447835.97,0,0.0006455745464035393,1.2121005676081598e-06
0,0,3479833.7853632374,94589855054643.81,0,0.0006455853775971703,1.2121517900299088e-06
0,0,330628.72453203576,1875536975209.0503,0,0.0011023120230404344,4.078749230765752e-06
0,0,13336121.10302218,653441782877155.4,0,0.00032545699836805273,5.120057247751199e-07
0,0,61278538.79597699,2.4495590595799496e+16,0,3.315628525658896e-05,3.5614316750885516e-09
0,0,22335866.616651546,1237221019919578.2,0,0.00018816410945833134,2.2333001702528545e-07
0,0,398555.86662193184,2212596782750.4307,0,0.0010657942484640832,3.804950519475659e-06
0,0,17247433.529468622,861991251350741.2,0,0.0002007446896638297,2.7380070951091e-07
0,0,14076863.409039982,680720878157599.4,0,0.0003176894158592245,4.935942217209577e-07
0,0,7332410.647158393,288702640104162.25,0,0.000491066438310068,8.493802893154727e-07
0,0,2825512.639010581,59850522533543.125,0,0.0007620267906471573,1.5741762592588593e-06
0,0,366110.4335318269,2036627668510.3218,0,0.001079677469601154,3.7815524464329634e-06
0,0,2869143.787869938,48575602258251.73,0,0.0008635375303541899,2.0108177964031865e-06
0,0,65967083.973325655,3.8054618171731656e+16,0,2.735454205413859e-05,2.106103352117118e-09
0,0,2417752.722281387,39379489359194.04,0,0.0008879933002279498,2.1364055318928628e-06
0,0,2071617.553238488,27567305550324.09,0,0.0008638674472900129,1.985301751057693e-06
0,0,13464452.556615258,609332687686209.6,0,0.00040585427028530166,6.872601414575786e-07
0,0,6319805.464454596,246909281262939.7,0,0.0005537307811843587,9.832512988207069e-07
0,0,7769998.335617952,282463408036114.9,0,0.0004613352052163592,7.928623864615997e-07
0,0,29049439.791052118,1986465505777389.5,0,0.00011120917500661082,9.888779519834533e-08
0,0,613191.8094190927,2820876063208.949,0,0.0011281167332255774,4.9890749768336465e-06
0,0,3982412.019659654,85086460545380.16,0,0.0007790802950898024,1.5866179506926875e-06
0,0,6231476.839378482,176190465289608.28,0,0.0006924740810218141,1.4107079479571515e-06
0,0,22572700.5262737,1336469420897610.8,0,0.00023818442093138546,3.117897759780427e-07
0,0,2084731.0687634079,40837761593571.9,0,0.0008336798060036204,1.8419515532487484e-06
0,0,15482570.567467859,770913291673094.8,0,0.0002105147479711818,2.9755281510508106e-07
0,0,6147040.813773254,202957540920768.0,0,0.0005733035715580198,1.0511687983604454e-06
0,0,30919751.06066655,2252318381037177.5,0,0.00015083509696373862,1.3149195261234842e-07
0,0,23845634.85094287,1445974364388934.5,0,0.00018687808694863072,2.281382146393614e-07
0,0,6251514.029638368,177355443504202.34,0,0.0006931299187915026,1.4109568555606437e-06
0,0,6203905.205608691,207163300473827.47,0,0.0005532334688493206,1.006051403718683e-06
0,0,3234396.350820896,64198466028897.76,0,0.0007844549652277236,1.7095573903884378e-06
0,0,14969709.295596411,749315191446421.1,0,0.0002956202100409006,4.66250541003877e-07
0,0,7755413.978011034,267140967262877.47,0,0.0005233835370369784,9.710955300738824e-07
0,0,82181.7516420466,20397064976.755917,0,0.0013446815237224748,8.672615012159627e-06
0,0,17520248.334647246,882997747218017.5,0,0.0002713210036468101,3.957062234877994e-07
0,0,11207432.406838696,528804450991659.94,0,0.00032848326161796033,5.03739160048897e-07
0,0,6250326.5264851665,177228986405214.84,0,0.0006933266288795479,1.4116107750441541e-06
0,0,27251730.395915393,1873069490280623.8,0,0.00010522736117172255,1.0248302770475376e-07
0,0,17432450.014943708,825299433965148.6,0,0.00023727398158162856,3.2393096583277587e-07
0,0,21809129.640701354,1264361945073404.0,0,0.00023162258079168722,3.1444539095815675e-07
0,0,613191.8094190927,2820876063208.949,0,0.0011281167332255774,4.9890749768336465e-06
0,0,52015509.915498614,1.0417298888432296e+16,0,3.782078942552014e-05,7.371476515525744e-09
0,0,2082248.0209988332,41567796593150.164,0,0.0008272282554757389,1.817314431721424e-06
0,0,20959850.82527554,1256389094683303.5,0,0.0001841678099917619,2.3094649125895998e-07
0,0,29049937.710585468,2063126621678974.0,0,0.00010916299024868184,9.221809818535237e-08
0,0,17517768.07341789,884010828924054.0,0,0.00027182341866899626,3.969522461858086e-07
0,0,28888442.61736493,2132714018045255.8,0,8.91674304655237e-05,8.503943487937638e-08
0,0,501735.6718887739,4031675394446.1953,0,0.0010060456717041065,3.0734046554969103e-06
0,0,18990579.15140969,1001202469027545.4,0,0.00016832740270848227,2.2963500442472997e-07
0,0,38287951.03349157,3466334264490943.5,0,9.290811341659138e-05,4.768683527426133e-08
0,0,3350000.109978586,84741137250888.31,0,0.0006097598430491542,1.0969040947167068e-06
0,0,6879473.72071036,248543460973369.66,0,0.0005823387227599383,1.104980814773348e-06
0,0,6362944.418649267,202622841606119.25,0,0.0005571985328410518,1.03868123953543e-06
0,0,11865085.259243041,521543974980056.1,0,0.00033248851882123286,5.34043553258414e-07
0,0,5779904.388433508,181560924945472.1,0,0.0006568925467845643,1.287420988969022e-06
0,0,11486844.7502,473211093530629.56,0,0.0003265352640319922,4.944102135256913e-07
0,0,12402993.033517051,603806629099707.4,0,0.0003447626511901904,5.436683379022581e-07
0,0,38994459.029387414,3767301923148592.0,0,7.292424238112218e-05,3.082165229430714e-08
0,0,26392642.25722424,1709831329291706.8,0,0.00016189905219463714,1.6074617102099801e-07
0,0,6253822.814332812,177081013193040.5,0,0.0006937390688609642,1.4121574973327555e-06
0,0,6244883.973320565,176846206771054.56,0,0.0006927607477725798,1.4097553527446826e-06
0,0,15423054.653362567,798772401240105.6,0,0.0002609782679590712,3.6029497224907326e-07
0,0,5888375.886790187,166878574478920.97,0,0.0006794796483398282,1.3461369366510556e-06
0,0,6250326.5264851665,177228986405214.84,0,0.0006933266288795479,1.4116107750441541e-06
0,0,18948530.106291942,928682607898188.9,0,0.0001959420247631966,2.597902284320771e-07
0,0,6244605.9012972675,176883121717426.28,0,0.0006923571718857669,1.4090063963990496e-06
0,0,23127144.713265736,1273376200803259.2,0,0.00015820031250889742,1.7384596192510768e-07
0,0,959192.8974042543,6670548293404.4,0,0.0009570809028881143,2.8971984645835103e-06
0,0,8672116.525179747,307149736319328.44,0,0.0005379786519609142,9.973685295909752e-07
0,0,21901800.70848514,1250211312087895.8,0,0.00019861493561082474,2.3075110109359658e-07
0,0,20272469.40736768,1190545407413777.8,0,0.00015476639231040966,1.873935062727402e-07
0,0,7834655.004546201,286045601021470.3,0,0.0004592561925791119,7.962582081989161e-07
0,0,12096290.909855273,524042457744139.5,0,0.00039736157183182423,6.87324613815827e-07
0,0,199413.01803416834,417141798040.89746,0,0.0012093176710822702,5.725696849768564e-06
0,0,310701.00479875057,1153408935700.7532,0,0.0011143707050376938,4.2801108463628135e-06
0,0,2016517.3061939168,26626321062488.617,0,0.0008851903720289506,2.1287489448481143e-06
0,0,5431926.901236439,183241373441985.9,0,0.0005470351192844507,9.669196857212413e-07
0,0,7814593.697758969,286641469042477.56,0,0.00045671588426383165,7.90293415238316e-07
0,0,3234396.350820896,64198466028897.76,0,0.0007844549652277236,1.7095573903884378e-06
0,0,16784019.355454996,888473712602159.4,0,0.00021829077006439075,3.0214347546654367e-07
0,0,7492328.905146013,290663587055031.6,0,0.0004955818764584987,8.734486830144874e-07
0,0,234722.1134231894,418769194619.56647,0,0.0012949576240746355,8.120562205697246e-06
0,0,14991932.00807743,752504237000299.2,0,0.00029627837285368345,4.67367215612628e-07
0,0,27523636.875414647,1744931055099907.5,0,0.00012633179167741127,1.0178562645707174e-07
0,0,14041574.074754521,654790250767551.8,0,0.00035766618603792354,5.681059593022999e-07
0,0,31635683.650195666,2424656221254081.5,0,0.00014994373217785235,1.3837198049914434e-07
0,0,18540714.80999744,1033843466135805.8,0,0.00016547546420167167,2.233383949813351e-07
0,0,6250326.5264851665,177228986405214.84,0,0.0006933266288795479,1.4116107750441541e-06
0,0,15836929.84728457,733792684105325.4,0,0.00023976302790858366,3.279909056269206e-07
0,0,883285.151051725,10141419997593.982,0,0.0009230210209164916,2.435481976215969e-06
0,0,20772397.75983572,1097628195631426.5,0,0.0001824121709834624,2.2603958145199303e-07
0,0,29747839.902838677,2043894696907957.5,0,0.00010243368242530888,6.966433548742956e-08
0,0,12817981.262573311,574014485141982.2,0,0.00029519353757421747,4.52283784144941e-07
0,0,6391730.869689464,205857661467832.66,0,0.0005667036204405308,1.071682816092425e-06
0,0,23813714.163681086,1509207796353668.2,0,0.00020420860948699123,2.2896631336364677e-07
0,0,13131455.353615496,585657146049490.1,0,0.0004067937326585947,6.777183137684787e-07
0,0,6749028.563153189,225763544230003.78,0,0.0005824410967931143,1.0939846044615187e-06
0,0,8524707.721778201,316104886320095.5,0,0.0004640735347463137,8.130174730346061e-07
0,0,6241974.834248837,218737805941129.1,0,0.000559625767126993,1.0260800273823453e-06
0,0,50558027.656457804,8990828742354004.0,0,4.556473678002905e-05,8.926713947398937e-09
0,0,18438147.113275416,961477361718251.9,0,0.00026311382434392725,3.6897258380128893e-07
0,0,2328378.1620441377,46171991756643.26,0,0.0007389656973173232,1.4840253679123956e-06
0,0,13161790.230799904,588063064592871.4,0,0.0004089315298642492,6.911108916306021e-07
0,0,6420592.6207203595,217034854405178.8,0,0.0005702379255311734,1.051237545572004e-06
0,0,469015.30442543654,3024037711265.6353,0,0.001028882708270902,3.467278091441654e-06
0,0,6358154.664204658,202436910582289.8,0,0.0005562218223752045,1.035376646952258e-06
0,0,6358154.664204658,202436910582289.8,0,0.0005562218223752045,1.035376646952258e-06
0,0,490799.1702540522,1938999801377.7427,0,0.0011367244425581336,4.83123614485715e-06
0,0,6250326.5264851665,177228986405214.84,0,0.0006933266288795479,1.4116107750441541e-06
0,0,6178568.620651252,204054896975725.22,0,0.000569352624258659,1.0490281395210232e-06
0,0,29815803.58606764,2104499085529571.5,0,9.677297759551551e-05,8.587785680976631e-08
0,0,12124057.766341167,526063665944787.9,0,0.0003916883624319434,6.62799582028799e-07
0,0,3449386.5654891864,93030306344411.58,0,0.0006471407773072443,1.2166301998295238e-06
0,0,12002909.141247855,544906393240481.8,0,0.0003184796673442831,5.046507399887246e-07
0,0,11558188.465542182,508192768660640.56,0,0.00029534582877321284,4.823116623757527e-07
0,0,14698296.557196151,663065487950755.9,0,0.00022176587288554706,3.181225582201811e-07
0,0,3118067.9671565206,74455772560077.72,0,0.0007362306433015165,1.4373862537113402e-06
0,0,2698575.7501197457,57996216509483.25,0,0.0007559942790628706,1.5520120363295062e-06
0,0,40225992.5168367,4012905657213191.5,0,9.528831801359926e-05,5.0196113079226295e-08
0,0,17057853.17409611,897916928521105.4,0,0.00023112126661345227,3.478438932837235e-07
0,0,855214.5471645715,6612104043247.862,0,0.0009792686677964771,2.9254026818322517e-06
0,0,11936345.254569452,533583375325924.8,0,0.00043602884394357153,7.43015305858354e-07
0,0,25984401.878522627,1560060723089395.2,0,0.00013941151607302875,1.361932123110138e-07
0,0,2403621.639316315,39187634984204.97,0,0.0008860566322757709,2.1315332536713457e-06
0,0,10216874.774871146,451911389630451.56,0,0.00036573478586241273,5.755345330986072e-07
0,0,6506431.159339347,214851090980936.78,0,0.0005781879697183554,1.1027085911741616e-06
0,0,216069.1382182202,473299842280.635,0,0.0012017057241934194,5.691799103061171e-06
0,0,12132438.378917534,528813039725223.44,0,0.00039582770223715175,6.832550724426948e-07
0,0,47911126.029511936,6845225342595435.0,0,7.925207928129252e-05,3.081627857088951e-08
0,0,9065562.224863248,352342354777814.06,0,0.00041867245964598873,7.035045902570379e-07
0,0,179745.48713751405,401466934700.24194,0,0.0011990583828336387,5.8071375408729615e-06
0,0,36925864.56775703,3289693280389559.0,0,0.0001000108491160796,6.075062674000854e-08
0,0,5883596.2916100845,166515675610773.53,0,0.000678988749492495,1.3445473278205859e-06
0,0,29960459.320993993,2247809952447199.0,0,0.00010633452150030541,8.437364061939139e-08
0,0,15111795.148979105,743625649887927.5,0,0.00022836282672482455,3.261238800915218e-07
0,0,13168361.605550537,593758866278596.4,0,0.0004164494245963768,7.160125453813108e-07
0,0,7518401.03531865,260162225870237.44,0,0.0005028558083571193,9.20944376882295e-07
0,0,55112315.608755656,1.1504112010963434e+16,0,5.690822652146021e-05,9.315264716936812e-09
0,0,14919125.550049936,743711381999091.0,0,0.0002957425586335904,4.5795232790393526e-07
0,0,68781104.12722453,3.287617907252279e+16,0,4.242088958205949e-05,9.495365989286306e-09
0,0,6457961.047781135,217296645330093.16,0,0.0005764475131548612,1.0799785735309913e-06
0,0,6730996.208359023,224615250793502.88,0,0.0005876631114436616,1.1011078902524471e-06
0,0,5040584.944227742,153148777426066.7,0,0.0005684557724745679,1.014232736607191e-06
0,0,14685867.091595372,757937033108286.4,0,0.00031794254035865863,4.5920756768539646e-07
0,0,32023006.649456494,2381827659894369.0,0,0.00012270578978034222,9.077708996657993e-08
0,0,21560295.859258838,1204484208466395.2,0,0.00020985689529547054,2.5751713989449426e-07
0,0,11640633.12384267,498581435604349.1,0,0.0003786355386361875,6.424646396296812e-07
0,0,32370724.706340857,2629036177003377.5,0,7.906410765267429e-05,6.263789943732063e-08
0,0,17119334.687719427,911189627614048.8,0,0.0002333249164764949,3.5681611733000296e-07
0,0,7725331.540324728,278965494267392.25,0,0.000461592849510094,7.944350503790991e-07
0,0,40132637.36500313,4024901466545339.0,0,7.069894812308463e-05,3.267151729728428e-08
0,0,630208.6540033326,4381460839941.379,0,0.0010294794100317835,3.2867297889183606e-06
0,0,25966954.639389243,1576622282654260.5,0,0.00012974885740210193,1.2670627797174626e-07
0,0,12533271.56725257,552375013429747.1,0,0.0003647441597549373,6.032442882559158e-07
0,0,14108391.051263956,668588534485639.2,0,0.0002877944965393898,4.501903777672503e-07
0,0,22612258.21370141,1285339475045886.5,0,0.0001358518634454938,1.487613432433449e-07
0,0,3452465.4648444066,89119787081831.9,0,0.0007206733978243933,1.4033145058125337e-06
0,0,6250326.5264851665,177228986405214.84,0,0.0006933266288795479,1.4116107750441541e-06
0,0,23360312.12673568,1376781997207958.8,0,0.00013525636761514267,1.4000726228513502e-07
0,0,16778782.192921683,887795395344306.1,0,0.0002180815945559178,3.0232510831357146e-07
0,0,14982371.261930952,780837164400242.4,0,0.0002600848649621846,3.9389761692937385e-07
0,0,12096290.909855273,524042457744139.5,0,0.00039736157183182423,6.87324613815827e-07
0,0,12780617.866672887,537094943480329.9,0,0.0002986314943848426,4.4277353270555694e-07
0,0,15742633.328680338,816363153663115.2,0,0.00031410251044503327,4.693428165106337e-07
0,0,10811102.491394542,413500729534688.06,0,0.00037621161156004283,6.019913588854331e-07
0,0,3224659.9016721104,81819240012226.19,0,0.0006468798312438059,1.2044819967601062e-06
0,0,7324836.581952965,305371246662972.44,0,0.0004606163421393404,7.669483963007781e-07
0,0,30638808.165776644,2323938594529940.0,0,0.00011262627507004404,8.895722783829326e-08
0,0,9019468.560811775,358277107794932.3,0,0.0004231856773969692,7.138262809197985e-07
0,0,2869125.7109880177,48527200166900.29,0,0.0008624501259816163,2.0077300502561095e-06
0,0,8812926.332094368,348750726691893.0,0,0.00040976325780422995,6.880210269462839e-07
0,0,23561939.98637541,1428755795106797.0,0,0.0001557152005787631,1.7621034738447599e-07
0,0,17169992.262636688,914565257657104.1,0,0.0002310895304592423,3.4931032079058073e-07
0,0,8999213.135932859,353556771999883.7,0,0.00042704699859264514,7.223143087207691e-07
0,0,2854761.493835319,63123954754571.164,0,0.0007504517891476554,1.536869382899016e-06
0,0,6448871.212151399,209924212928388.7,0,0.000580051509071746,1.1088873566546245e-06
0,0,13427317.2429678,604173208067866.4,0,0.0004070975436684086,6.905617595510504e-07
0,0,6511110.045821889,210672134499666.94,0,0.0005879233708745805,1.1280898656261139e-06
0,0,52839112.30937992,1.06380609569355e+16,0,5.877494629059488e-05,1.5345909399614006e-08
0,0,6458741.409380429,218236585695623.34,0,0.0005801697818977455,1.0822430095848426e-06
0,0,28750495.522660945,2090495765684300.8,0,9.628341316326121e-05,8.617265650531277e-08
0,0,52108540.516357735,7800551179873702.0,0,6.0930401767843096e-05,1.3791515458560398e-08
0,0,17512893.56882933,883007018635517.1,0,0.00027157410771896614,3.9645195636026533e-07
0,0,187535.1108120296,300538139081.10474,0,0.0012451307487239707,6.574486021951833e-06
0,0,16778782.192921683,887795395344306.1,0,0.0002180815945559178,3.0232510831357146e-07
0,0,6489715.348270246,220408941620404.3,0,0.0005679033964988167,1.053744318753227e-06
0,0,6250326.5264851665,177228986405214.84,0,0.0006933266288795479,1.4116107750441541e-06
0,0,377442.640447531,1933400241207.9734,0,0.0010862177741388346,4.00814251553385e-06
0,0,812986.5032774053,6822517212441.454,0,0.0009551158132800361,2.737414698564002e-06
0,0,39879430.9569501,4169938625436528.5,0,6.032279726330449e-05,2.650262645149227e-08
0,0,12608990.758109277,594694834760882.0,0,0.00036356658121961883,5.764485403894147e-07
0,0,10635876.572849734,451774616871370.2,0,0.00035266882804444057,5.589549918663921e-07
0,0,6458741.409380429,218236585695623.34,0,0.0005801697818977455,1.0822430095848426e-06
0,0,14677268.144401692,659633882233215.1,0,0.0002271180970924979,3.2365315581337675e-07
0,0,5016989.656248885,141462211257798.72,0,0.0006198573268242723,1.1569054823035888e-06
0,0,15013577.070724884,779750633149982.5,0,0.00024365179200372647,3.564162019058473e-07
0,0,29844439.40928967,2156346477312451.0,0,0.00011309094140474332,9.30714971477664e-08
0,0,17046517.512936056,891317259334170.2,0,0.00023006196146038087,3.467977176956957e-07
0,0,15780080.599600505,789650265532700.4,0,0.00020971198665832377,2.9364599015166104e-07
0,0,4217885.554277984,121387777539925.27,0,0.0006057916662271494,1.0978004258847389e-06
0,0,24541066.66127216,1410462167123237.0,0,0.0001309044350763684,1.3690686902989423e-07
0,0,21669483.891126834,1161722542203545.8,0,0.0001570240653364766,1.7698796724979172e-07
0,0,39312822.295243226,4025842419242879.5,0,5.4849395577563134e-05,2.4707021586446448e-08
0,0,6250326.5264851665,177228986405214.84,0,0.0006933266288795479,1.4116107750441541e-06
0,0,8245115.836376237,297680544481182.5,0,0.000476345780870082,8.480538057470602e-07
0,0,21769106.448301647,1209891269583620.0,0,0.00020930060230056946,2.573125494583342e-07
0,0,9991560.50744558,388803493275346.7,0,0.0004185511188517396,7.268689591697251e-07
0,0,2956511.781678824,56734619509544.77,0,0.0008111239811437328,1.7393171338865557e-06
0,0,31733020.135278076,2496943665850586.0,0,0.00014975686860614073,1.4533209628183348e-07
0,0,53937110.69947363,1.825031835756787e+16,0,3.114708730417201e-05,2.5169395214395504e-09
0,0,13427317.2429678,604173208067866.4,0,0.0004070975436684086,6.905617595510504e-07
0,0,12091763.331498187,523328556795007.25,0,0.00039702913033122907,6.865133752205813e-07
0,0,7858850.769126212,316856773681560.6,0,0.00048166987860699114,8.279818111716e-07
0,0,8917714.827368228,346975497006932.3,0,0.0003713156739195138,5.955941944593106e-07
0,0,5015926.645410614,141089165283672.53,0,0.0006196422458465176,1.156354672885678e-06
0,0,30254706.12076622,2277980655984394.0,0,0.00010188547412331856,8.17058932462308e-08
0,0,2405853.4085660945,40087418608519.78,0,0.0008780352169533766,2.0921007949811284e-06
0,0,45002656.971232966,6162035108718983.0,0,5.4891275782248905e-05,1.7160491807519053e-08
0,0,2874301.1351000513,48793657468643.36,0,0.0008542442797009461,1.978860237859697e-06
0,0,7001576.138286056,249414748668633.9,0,0.0005525382793891304,1.0325561301227994e-06
0,0,9937649.603161035,386672085286978.0,0,0.00041369989433223914,7.159352835782343e-07
0,0,19216503.58863994,955567334036469.6,0,0.00021469078368212648,2.763487591411714e-07
0,0,9762956.438352235,382081179305036.56,0,0.00039843157534622106,6.882260269889849e-07
0,0,6544380.497626421,221225226728005.62,0,0.000572894325594271,1.0544120820367543e-06
0,0,21800094.89650138,1228801106613386.5,0,0.00018154767422591292,2.3114231167150608e-07
0,0,17469730.927867148,877781208979358.4,0,0.0002707385417330512,3.9459385470787125e-07
0,0,1258483.3682193924,16329186122369.844,0,0.0008952467826527499,2.083976544719248e-06
0,0,11797606.852407847,534623871033205.94,0,0.000335566706403981,5.263320900793912e-07
0,0,12906573.278855879,610477527001647.9,0,0.0003641201329147641,5.829928644856512e-07
0,0,35988626.82966028,3511414650693906.0,0,6.0073924999928533e-05,4.4171291409023994e-08
0,0,3246668.051590072,65030535678832.4,0,0.0007852011627254158,1.7111674313317525e-06
0,0,637762.0727911353,5049759229768.537,0,0.0009876863405451784,2.940800279730352e-06
0,0,1122071.5023006487,13109509093975.568,0,0.0008575383335144343,2.166468533610205e-06
0,0,24331578.70395359,1368551216612444.0,0,0.00012548357745805082,1.2018431231609518e-07
0,0,23050969.437898725,1377029001345005.5,0,0.00023648020979521604,3.041954637676457e-07
0,0,6500107.3127379,220646235157414.12,0,0.0005741139156251666,1.0744853422504368e-06
0,0,6161405.942561172,207413714544804.62,0,0.0005791127723297017,1.0731416991418076e-06
0,0,224811.92498146486,531505985916.08624,0,0.0011900237648996377,5.4786026676155685e-06
0,0,16933214.56399778,892138417998646.4,0,0.00023346956083675864,3.523576523259378e-07
0,0,6903189.076107394,246931193625159.8,0,0.000540500637797668,9.967702379557599e-07
0,0,9031142.105390027,364175565372989.8,0,0.00038825773601470945,6.696717440767408e-07
0,0,3284972.806993603,90287994401216.89,0,0.0006244565994111175,1.1577243797938666e-06
0,0,13709629.516603904,669148864255440.8,0,0.00031515338941543684,4.937043901779795e-07
0,0,663516.3916504034,4761883409977.787,0,0.000988247292855345,3.3673979641823763e-06
0,0,6251514.029638368,177355443504202.34,0,0.0006931299187915026,1.4109568555606437e-06
0,0,3272267.909587756,74211965150284.88,0,0.0007360571732211805,1.5385198700675494e-06
0,0,15826456.59281831,830590288158523.2,0,0.00032235691945291305,4.794498633417514e-07
0,0,37761901.84868458,3870652511682554.0,0,4.453121005227858e-05,2.4877519590005685e-08
0,0,15140556.368999014,732978984457989.5,0,0.00023830142195108072,3.3568812204880675e-07
0,0,22336015.991752822,1301211632313150.0,0,0.000175754598043484,2.1566862178250058e-07
0,0,6250326.5264851665,177228986405214.84,0,0.0006933266288795479,1.4116107750441541e-06
0,0,23462101.56676467,1415275351759008.2,0,0.0001353439788127297,1.380910083749968e-07
0,0,2876369.897353298,48825782617753.72,0,0.0008607126321984878,2.000114330502976e-06
0,0,6427263.049084008,204756061327397.56,0,0.0005748626543732381,1.0912699511876906e-06
0,0,23280988.270832915,1310138018831265.0,0,0.0001532533709193358,1.5883125743958176e-07
0,0,12811245.87878537,540995150992716.9,0,0.00029763733302713106,4.420381901800164e-07
0,0,37489302.36766429,3537583500109746.5,0,6.489294341409694e-05,3.10352691972762e-08
0,0,27583816.81403058,1866030357912119.5,0,0.00013366050132822987,1.1482776595649213e-07
0,0,7724862.0943734115,280849141767805.03,0,0.0004532304125168862,7.76593534424637e-07
0,0,6955474.300973189,235012094348656.03,0,0.0005229919294835433,9.371094907439662e-07
0,0,275885.8861204388,813883914629.593,0,0.001189798705065259,5.581184781130411e-06
0,0,6737778.344916407,240049117758604.25,0,0.00047107239332689385,7.953418475778935e-07
0,0,26499101.146142147,1721242919348135.5,0,0.00011059171738786408,1.0838934970376497e-07
0,0,14033571.308244882,664654857088905.9,0,0.00030134899811738285,4.788120400182773e-07
0,0,234835.83516858684,418933452721.4885,0,0.0012949600077874722,8.148190452411372e-06
0,0,25691214.172435272,1719593268659693.0,0,0.00018784092965787454,1.9936586712787493e-07
0,0,6509847.637294968,221658348551016.2,0,0.0005719624706276304,1.0696320386336108e-06
0,0,14233414.666730467,689839391839262.4,0,0.00022073898303663303,3.186345122733984e-07
0,0,17225366.501302876,817575528570170.1,0,0.00025032809655291667,3.5022144976778744e-07
0,0,17483418.105130155,879518968288007.8,0,0.0002711277155503968,3.962178254781893e-07
0,0,8721492.122992983,321869324002892.8,0,0.00048150778983693164,8.578931351658052e-07
0,0,6896333.214241538,245840336210265.78,0,0.0005893560718504242,1.121366826489873e-06
0,0,41040094.01875169,4610074290091083.0,0,0.00011051026593220507,7.571725934462815e-08
0,0,28858008.49159072,1984216457100289.8,0,9.933817269733819e-05,9.485510952227871e-08
0,0,2841237.7499359865,60675807303921.95,0,0.000763245719664806,1.5775683110447747e-06
0,0,871035.4537640957,8555408625420.756,0,0.0009648066797232351,2.64367291512865e-06
0,0,1906006.0321211827,28837629742369.97,0,0.0008441691783858234,1.8972445807724146e-06
0,0,14991425.89284372,751833271500255.5,0,0.0002962891974445629,4.6697384649461555e-07
0,0,6278963.918645127,179483791881346.78,0,0.0006896733258110641,1.402729442462561e-06
0,0,3230708.0392027474,64825373541835.81,0,0.0007874386253050591,1.7203460896149682e-06
0,0,21565889.7218661,1131569696792376.8,0,0.0001626765709119961,1.7257236099014914e-07
0,0,6250326.5264851665,177228986405214.84,0,0.0006933266288795479,1.4116107750441541e-06
0,0,499299.0218306845,3922747293355.2617,0,0.0010110673974291352,3.115403332887171e-06
0,0,18468553.038598925,982341104352943.2,0,0.00020164372980348335,2.6829461346901107e-07
0,0,406795.9767489261,2408231795521.5386,0,0.0010550877418913738,3.717918168293025e-06
0,0,29495081.984800875,2131405170569810.2,0,0.00011362009510837246,1.0451713247443305e-07
0,0,543801.8653776579,3184393190706.2256,0,0.001074638622798413,3.867936530574065e-06
0,0,5902399.694078377,189565006510317.03,0,0.0006441013729660507,1.2372622778560518e-06
0,0,2394055.7383002588,38769017299928.55,0,0.0008864840669079835,2.1289104622164916e-06
0,0,17793926.35192122,925990508780494.0,0,0.0002310722438894181,3.1807769548218754e-07
0,0,576998.4133307686,3862983332940.018,0,0.0010009019614514504,3.079937407453419e-06
0,0,12868604.952950079,605936007485627.0,0,0.0003361734406044852,5.188694543602547e-07
0,0,32929911.490416512,2629862666674022.5,0,0.0001517248394332076,1.265959289962632e-07
0,0,7362427.387009297,240916807801406.28,0,0.0005721748202850392,1.075110192408148e-06
0,0,3071168.278626579,62386072370619.734,0,0.0008119399635771775,1.7556338335267173e-06
0,0,9751880.974714201,370080669076603.8,0,0.0004142980468325344,7.195846011933509e-07
0,0,6232670.853992886,176553802152568.5,0,0.0006907975063503881,1.4072333591293475e-06
0,0,1198530.9604316454,15587909575025.625,0,0.0008245207043325589,1.8537767538727556e-06
0,0,882183.349969936,10383294533885.666,0,0.0009180899508612288,2.4170779083229157e-06
0,0,46161273.85850756,5930644110037327.0,0,7.800348763769444e-05,3.1023363723578755e-08
0,0,4656124.483753739,147923994025932.25,0,0.0005798161343623084,1.0323062256507757e-06
0,0,6244883.973320565,176846206771054.56,0,0.0006927607477725798,1.4097553527446826e-06
0,0,234722.1134231894,418769194619.56647,0,0.0012949576240746355,8.120562205697246e-06
0,0,1447396.3812181845,23270732333275.055,0,0.000832711411973181,1.8326566840291443e-06
0,0,15613105.967244104,757190459248524.1,0,0.00021196753716293216,3.0274355228494373e-07
0,0,34891971.00921374,3043778308715074.0,0,0.00012937310562255422,1.087274431439433e-07
0,0,5930623.033009086,216710220039714.75,0,0.0005251170371451299,9.149824321728402e-07
0,0,14669661.402825939,664852277912868.4,0,0.0002506422345048688,3.6180050720183457e-07
0,0,13889972.841817029,616693627599152.6,0,0.00027529751554783725,4.2687549835330136e-07
0,0,11166192.184992027,512213856404168.6,0,0.00033089266387601964,5.159672721048204e-07
0,0,8995696.249130888,353286510832132.06,0,0.00042659435303373156,7.209824824051791e-07
0,0,12887010.33271762,575347564603162.4,0,0.0003989117792818404,6.677143228304801e-07
0,0,8261791.631247484,344443738806983.94,0,0.0004322182127909948,7.448259921344718e-07
0,0,8408938.723373113,324083841860105.8,0,0.00044628434368850764,7.709340996311535e-07
0,0,963310.2543490666,10226276650354.664,0,0.0009070638956190337,2.3558626037577546e-06
0,0,6797010.158569916,212995057391484.1,0,0.0006163140927455302,1.1801595955110336e-06
0,0,22780822.158129465,1403514892051675.0,0,0.00013810805335911708,1.5344262169086618e-07
0,0,30001291.32561695,2246393322697222.8,0,0.00015884066650567435,1.4515717507691073e-07
0,0,8289125.804175754,283382502329421.5,0,0.000562087972411605,1.0595575396094072e-06
0,0,6432629.169078569,216526608294257.7,0,0.0005792076341309356,1.080168955753688e-06
0,0,48453714.5630051,7383198395917943.0,0,8.595248300608158e-05,4.1913977439090746e-08
0,0,6350253.48176392,218465858702334.2,0,0.0005570194748122938,1.0236713528624414e-06
0,0,4961747.925309174,170270713629465.1,0,0.0006117067720113633,1.0913930359267206e-06
0,0,375742.9299372226,1082819295156.281,0,0.0011806331737299947,5.045751168708319e-06
0,0,30290749.254179638,2176268777601627.2,0,0.0001502300492331602,1.3484537219604312e-07
0,0,12100729.82046883,534245165223642.0,0,0.0003335824934261329,5.428134817868922e-07
0,0,36211933.87693026,3590373195413637.5,0,7.029393247055037e-05,5.1894245600562754e-08
0,0,43934558.553494215,5714261888118909.0,0,5.3148460513829456e-05,1.4016234142208732e-08
0,0,17928898.048258845,947253642501607.8,0,0.00022383130122085522,3.1442632718823074e-07
0,0,11589899.412384266,474831773190576.8,0,0.0003000862482444308,4.496562080187508e-07
0,0,6233604.538945421,212598414216692.56,0,0.0005310623220345726,9.641078675126663e-07
0,0,23044383.969101433,1375608571970688.5,0,0.00023624037264214788,3.036513903878226e-07
0,0,2132612.77864728,42740893854920.18,0,0.000818864851568102,1.7736654014433601e-06
0,0,20865280.99875031,1207780706196718.8,0,0.00016141520924003384,2.1169156115889953e-07
0,0,101874.20065197784,45109099959.55333,0,0.001330722620809728,7.537781573107578e-06
0,0,18984034.365358233,1025501937808070.4,0,0.00021428208119782623,2.853309121925172e-07
0,0,5066234.472724701,130931117448170.45,0,0.0006153991318376126,1.152577568629335e-06
0,0,2328378.1620441377,46171991756643.26,0,0.0007389656973173232,1.4840253679123956e-06
0,0,36420464.242991045,3500402140415421.5,0,5.370394832232382e-05,4.728360507010161e-08
0,0,31202441.847721513,2320694917151259.0,0,0.00014450130175969192,1.1797196365156664e-07
0,0,22781310.986948665,1497912104987340.0,0,0.0001412828672598247,1.6273565930630058e-07
0,0,5098289.849256238,157105849477219.78,0,0.0006265539031195837,1.1569931312553458e-06
0,0,8736878.877610523,322080480865336.06,0,0.00048122397452728225,8.566497389969613e-07
0,0,12067663.48337412,521048354577539.1,0,0.00039668796607661075,6.864525310849142e-07
0,0,2428939.833982275,42175889376414.305,0,0.0008072826493933274,1.737658676337859e-06
0,0,2072279.0834233551,41087918710497.52,0,0.0008267609427671021,1.8151407995325985e-06
0,0,6484649.460759036,219393306458954.75,0,0.0005756818827655278,1.0783942943927478e-06
0,0,31099794.64727559,2332043704537514.0,0,0.0001320085493273965,9.837082118248285e-08
0,0,6484649.460759036,219393306458954.75,0,0.0005756818827655278,1.0783942943927478e-06
0,0,2202796.4285474066,41229916629793.34,0,0.0008265860648786855,1.7576894033464997e-06
0,0,30495843.677858226,2289833520157347.0,0,0.00015740979100974366,1.4240512213984662e-07
0,0,14813940.035136484,747016321751020.1,0,0.00032088334550637064,4.82447017963941e-07
0,0,5100200.642737988,157240804481040.9,0,0.0006273583436676118,1.1596122477765314e-06
0,0,3478267.738053124,95350698863640.16,0,0.000643058920702223,1.202817725703303e-06
0,0,18551726.66083999,1039992657577413.5,0,0.00016528453208641787,2.2350755924280724e-07
0,0,8966949.096569918,346875474779677.06,0,0.00041674983096630976,7.173506110078968e-07
0,0,1279247.977830142,17262887809843.607,0,0.0008850981575130644,2.0403214957333386e-06
0,0,26728333.805248372,1784603501066829.2,0,0.00013774249057821,1.3092210294117313e-07
0,0,18698017.13027678,989677645576132.0,0,0.00020560155539243858,2.766284892481647e-07
0,0,541027.134375207,3131605180156.001,0,0.0010830214776479,3.947438985808058e-06
0,0,6480652.001891411,219111189081663.12,0,0.0005750210783380074,1.0767220481260503e-06
0,0,2866246.42532032,64917401495158.23,0,0.0007318227426354093,1.4655377890145545e-06
0,0,6250326.5264851665,177228986405214.84,0,0.0006933266288795479,1.4116107750441541e-06
0,0,17079424.61513785,898393087133053.4,0,0.00022977081260225243,3.455613107035405e-07
0,0,6484649.460759036,219393306458954.75,0,0.0005756818827655278,1.0783942943927478e-06
0,0,3417222.315108293,93202178094173.4,0,0.00062903090809049,1.1763472333523128e-06
0,0,4609608.639446252,144896896335675.88,0,0.0005816806830294424,1.0369506658684227e-06
0,0,3483743.6475252737,94651209544462.11,0,0.0006558679343822232,1.2528290723565152e-06
0,0,18735885.367791366,975001338728836.9,0,0.00024780052698056737,3.5343066441214064e-07
0,0,326751.19729622826,1798417528572.7156,0,0.0011029464177103924,4.102083143712663e-06
0,0,21441718.751557972,1136192771057174.0,0,0.00014675797984239582,1.656528904606046e-07
0,0,31602663.10056452,2531036869283240.5,0,0.00011010454825796869,9.121744787806618e-08
0,0,8289125.804175754,283382502329421.5,0,0.000562087972411605,1.0595575396094072e-06
0,0,2403621.639316315,39187634984204.97,0,0.0008860566322757709,2.1315332536713457e-06
0,0,14395117.331462517,654661708291822.1,0,0.00025233517318584947,3.73803301187901e-07
0,0,1783514.083425903,31618819848724.516,0,0.0008102595305476155,1.6785952488780498e-06
0,0,6395518.8485759795,223387319219970.06,0,0.0005575135031688851,1.023766364535691e-06
0,0,24888087.292983655,1456862550874100.5,0,0.00013126011573281001,1.395623535923441e-07
0,0,6489715.348270246,220408941620404.3,0,0.0005679033964988167,1.053744318753227e-06
1,0,1033457.7394951694,6714697096566.546,0,0.0010066528656218247,2.7182428260840695e-06
1,0,774826.4239241346,7955707463319.9795,0,0.000916966530267229,2.5357361608957865e-06
1,0,689491.993062385,5866642683326.386,0,0.0009520940856475094,2.657945562627566e-06
1,0,112784.73700088919,32057309623.79857,0,0.001314899333038514,7.810283194063794e-06
1,0,1034243.0133669471,6727459684399.585,0,0.001006372907555852,2.7164170281765317e-06
1,0,1031576.5307781823,6711771505853.942,0,0.0010061784664169686,2.7210999502939477e-06
1,0,1019600.7086940571,6535131185170.3955,0,0.0010058498711289405,2.730838847956962e-06
1,0,32046.174766177148,2565837065.6667128,1,0.0013077648745009915,1.1949339135797895e-05
1,0,236678.22654988052,711017625884.8575,0,0.0011155498207134215,4.455515599633237e-06
1,0,2416400.8998529925,52959791936656.92,0,0.0007755579419147687,1.5435586178828299e-06
1,0,757159.8580308052,5147739927224.726,0,0.000977108148856251,2.6569257764636796e-06
1,0,1033457.7394951694,6714697096566.546,0,0.0010066528656218247,2.7182428260840695e-06
1,0,72558.32152520522,14853514245.774668,0,0.0012873218685643306,8.03651948213506e-06
1,0,3487349.9988331147,78128859859414.3,0,0.0007213403598015505,1.361551337442751e-06
1,0,1031576.5307781823,6711771505853.942,0,0.0010061784664169686,2.7210999502939477e-06
1,0,748394.5547681134,3434428351051.8804,0,0.0010879466182986048,3.4838153959328527e-06
1,0,1033457.7394951694,6714697096566.546,0,0.0010066528656218247,2.7182428260840695e-06
1,0,46147.60440180587,5616965374.484622,1,0.0014027970920401321,1.1441453050846365e-05
1,0,1040936.8766092439,6796397138715.886,0,0.0010018256134654195,2.6825707726893876e-06
1,0,1024785.793308501,6566097908592.307,0,0.0010024942689557885,2.6959489590198673e-06
1,0,3110048.092625631,86887202851754.8,0,0.0006876971380915428,1.2519897078196599e-06
1,0,20269.51904850471,2580521686.1108375,0,0.0012731723635188376,9.630104520978897e-06
1,0,2232917.5320062144,51847262842902.24,0,0.0007205329284030604,1.4091733719533998e-06
1,0,24063.751421344823,1698540174.7919314,1,0.0013790934253899375,1.217958795290718e-05
1,0,189934.07269686722,558684439708.0573,0,0.0011283862728311167,4.526512215849018e-06
1,0,11159675.330958053,564263842788388.1,0,0.00027528394651315266,4.070476357322629e-07
1,0,1033457.7394951694,6714697096566.546,0,0.0010066528656218247,2.7182428260840695e-06
1,0,792540.4467318942,2628189371352.9053,0,0.0011398918363862878,3.82390868285666e-06
1,0,26179.94246945207,1870016197.8707914,1,0.0013276302857949936,1.2494016010444035e-05
1,0,587384.2912839684,3649880229630.0947,0,0.001058537494586799,3.4929383146254562e-06
1,0,849828.5999228022,8101705565115.365,0,0.0009484039027775115,2.7075342418271932e-06
1,0,292111.64695711824,964254715795.6349,0,0.0011012280650184723,4.197135968435521e-06
1,0,1439.7111577638611,8178806.924269321,0,0.0011871346062600665,8.01460096331361e-06
1,0,679208.1675049937,5031552685141.118,0,0.0009909279511856252,2.8377639135461525e-06
1,0,42857.44582647555,5920147683.258163,0,0.0013521856792555018,9.552686130085496e-06
1,0,59232.112299616805,13196793125.28852,0,0.001348592688202925,9.145877377920026e-06
1,0,96967.17974709425,32498080898.015854,0,0.0013228281378361308,8.131788287809745e-06
1,0,626547.5617531809,4370048629118.5483,0,0.001037832608512031,3.3125953241009513e-06
1,0,1732042.1788416754,22809057569206.844,0,0.0008664441905341421,1.960809461496953e-06
1,0,45367.102804027025,6181007740.623113,0,0.0013434905550998549,9.4298096646476e-06
1,0,9666313.244993607,480219662909703.44,0,0.00034218581994285266,5.355815662779144e-07
1,0,10210.713576565995,537849233.6006471,1,0.0013514030773478882,1.1504380262109715e-05
1,0,1033457.7394951694,6714697096566.546,0,0.0010066528656218247,2.7182428260840695e-06
1,0,136099.6937650001,211593786839.89502,0,0.0012405445562093775,6.118210234732628e-06
1,0,1034243.0133669471,6727459684399.585,0,0.001006372907555852,2.7164170281765317e-06
1,0,689491.993062385,5866642683326.386,0,0.0009520940856475094,2.657945562627566e-06
1,0,9507205.28659095,452818724353385.0,0,0.0003470902473612902,5.452755391822651e-07
1,0,475402.98280851106,3348242299033.4307,0,0.001043311817753609,3.530451964519238e-06
1,0,238718.39463481342,501086259212.91437,0,0.0012027875756704218,5.453968708222604e-06
1,0,65790186.175315544,2.2404895021432524e+16,0,9.127741475496717e-06,2.981745529905034e-10
1,0,1800103.9966025304,34233403787193.844,0,0.0007736853742735051,1.6087763975070606e-06
1,0,2931214.8826449434,74329751171616.22,0,0.0007106643333959766,1.3584547284355277e-06
1,0,7135485.706486403,280417926035648.25,0,0.0005302286636915657,9.463215388895875e-07
1,0,134173.22781612902,129967342412.8488,0,0.0012471557670022438,6.158280243250112e-06
1,0,16983796.721708134,917046857193409.6,0,0.00018879010144078995,2.48456896361333e-07
1,0,9524661.90855845,459204736070793.8,0,0.00035026340994525257,5.481291955286072e-07
1,0,16761.00559111129,1343539077.9800322,1,0.0013009984408833884,1.1827548337042034e-05
1,0,43027.679488812675,4912881115.784042,1,0.0015016299320909133,1.229701852428236e-05
1,0,291096.85708971764,710831508896.6162,0,0.0011200756562494518,4.3510028543922134e-06
1,0,30718904.9061508,2125267484779250.5,0,8.200028770784603e-05,6.768059834412857e-08
1,0,182450.3986832417,521850555640.14575,0,0.0011411140457270143,4.695629387297811e-06
1,0,1029740.803714605,6706886327468.513,0,0.0010040739796049547,2.704049996708705e-06
1,0,73556.56530065121,15184269314.673582,0,0.0013063619771169729,8.256890795722954e-06
1,0,98959.43094741885,190520999447.82443,0,0.0011818766557741475,5.430373112602696e-06
1,0,434006.0027516063,1786888283324.0955,0,0.0010475837978463258,3.530284703793082e-06
1,0,29424.79336041203,2278142396.3135138,1,0.0013010468976069561,1.1896789206942273e-05
1,0,6100943.254895565,287608943880506.56,0,0.0005177192874775052,8.764546374365436e-07
1,0,474691.67097762274,1975644368162.0808,0,0.0011276018218863823,4.0769260022468525e-06
1,0,746.3462641847858,2197960.7953461725,0,0.0011550658263537292,7.5627889366059084e-06
1,0,1439.7111577638611,8178806.924269321,0,0.0011871346062600665,8.01460096331361e-06
1,0,51845997.33670363,7564134096690668.0,0,2.6730976958072858e-05,5.419158481572579e-09
1,0,209242.19993605066,425444650869.7895,0,0.0011771002051311746,5.047669909727875e-06
1,0,979348.6872722919,6079161906618.297,0,0.0010097719337876848,2.7861591010336267e-06
1,0,24063.751421344823,1698540174.7919314,1,0.0013790934253899375,1.217958795290718e-05
1,0,101351.44981471242,26129491970.11115,0,0.0013110369564573216,8.039809826274963e-06
1,0,16730.78277086762,1482637509.1840527,1,0.0013045232442758206,1.1700858560694935e-05
1,0,2133372.3640461224,42908937175254.95,0,0.0007940330863544207,1.6487594095455968e-06
1,0,49317.531835512535,5591484412.422729,1,0.0014289806648000764,1.2479961924124424e-05
1,0,574613.8951978736,3506381259294.215,0,0.0010729441594344478,3.6361774787907957e-06
1,0,3761731.4017380346,122860357325163.03,0,0.0006329515810974335,1.0918023488549077e-06
1,0,42224.99742673848,4646666471.971782,1,0.001501481420915192,1.2475257232980345e-05
1,0,576196.4193970416,3543223653735.8975,0,0.0010718834065823594,3.610770957707061e-06
1,0,36686836.05918342,3025134553184893.0,0,6.510722772074936e-05,4.02994939822775e-08
1,0,2416806.1127607655,52847640739608.68,0,0.0007751041706216246,1.5415319292820995e-06
1,0,52423.047633363734,12738999555.10625,0,0.0012863650209513715,8.423915700719e-06
1,0,47965792.04700756,8001342816373722.0,0,3.299827534923828e-05,5.553065098549524e-09
1,0,68887.49034007818,12138291237.030457,0,0.0013230872585321136,8.925519890974064e-06
1,0,1389462.4696138578,20313770604850.832,0,0.0008805061637587185,2.0143527913903044e-06
1,0,746359.1520526856,3426388693288.8535,0,0.0010882121300532872,3.4932496540671085e-06
1,0,181236.91519542775,524307392286.7925,0,0.0011381245382758203,4.635956464979622e-06
1,0,27509.49071173611,1974917660.4993608,1,0.0013486674965849342,1.2525206862557655e-05
1,0,1040477.2690520079,6831258760114.948,0,0.0010005448905419595,2.674714698417968e-06
1,0,171523.72065335364,118242350486.84824,0,0.0012903796273174852,7.312689291558673e-06
1,0,42.18185570372332,55551.12140828902,0,0.0011952942521080755,8.038805535579534e-06
1,0,1030478.125925164,6637034250976.074,0,0.001005901460631062,2.7151002728468633e-06
1,0,7970505.137390191,329981064504595.5,0,0.00047995999949139104,8.338267189342643e-07
1,0,315669.60222727247,1128570727053.2495,0,0.0011190598047662087,4.371342040498652e-06
1,0,3908902.8678932763,143343585493977.9,0,0.0005913181935864497,1.0067991795628747e-06
1,0,1030524.4820620104,6668786150784.036,0,0.0010061597170975885,2.718118393666276e-06
1,0,2948986.439435042,73140316434179.95,0,0.0007020850079657362,1.3221544531919405e-06
1,0,2406574.3734933045,52732356924625.984,0,0.0007767835230108294,1.546916562373701e-06
1,0,75063.6174716177,15434157399.239622,0,0.0013112196791001136,8.320536677310495e-06
1,0,42224.99742673848,4646666471.971782,1,0.001501481420915192,1.2475257232980345e-05
1,0,1033457.7394951694,6714697096566.546,0,0.0010066528656218247,2.7182428260840695e-06
1,0,1439.7111577638611,8178806.924269321,0,0.0011871346062600665,8.01460096331361e-06
1,0,2407142.6788786184,52315187817870.336,0,0.0007750029104365083,1.5405095149994657e-06
1,0,1832408.2630688562,35388106823093.33,0,0.0007637768760213617,1.5706471954569127e-06
1,0,469926.79623685975,1962805583254.8184,0,0.0011250988879825481,4.062014498105898e-06
1,0,168207.56012769492,125734645097.40044,0,0.0012776064751855738,7.227523658138035e-06
1,0,545709.4946700366,2471612346415.348,0,0.0010500780265525343,3.6000862789175586e-06
1,0,49317.531835512535,5591484412.422729,1,0.0014289806648000764,1.2479961924124424e-05
1,0,374516.24043784937,1221792751048.568,0,0.0011523234410607012,4.536714066320528e-06
1,0,1034243.0133669471,6727459684399.585,0,0.001006372907555852,2.7164170281765317e-06
1,0,674712.3081018884,5294062601597.357,0,0.0009619461861672924,2.777025631828186e-06
1,0,1307534.6281140286,19978676401510.633,0,0.00081640906324212,1.7526440008567276e-06
1,0,102381.25875386626,191996062930.427,0,0.0011902021652785647,5.565147585898121e-06
1,0,5856078.426056631,293247617402404.5,0,0.0004957685048964936,8.048002618540571e-07
1,0,360093.7378114029,1243353844352.3784,0,0.0011410640025352468,4.4385818244115296e-06
1,0,52681868.66813685,8281962647190738.0,0,2.9702420312676263e-05,5.7183134145232e-09
1,0,1294973.3913125035,17384513807468.707,0,0.0008553850186936619,1.8923283920112695e-06
1,0,4458141.919274429,159837531812307.5,0,0.00054404185446005,9.298620141698927e-07
1,0,2436266.223584579,53492321267283.28,0,0.0007745280763249051,1.5429910049976221e-06
1,0,73856.3576027776,14689658939.791496,0,0.0013957577975850927,1.0200642301751696e-05
1,0,1373780.4317611174,18042026853974.32,0,0.0008460193249874331,2.0269321079616417e-06
1,0,237885.6477163578,677308390282.6538,0,0.001168356624805249,5.167688879452816e-06
1,0,4655464.33453801,176138161668878.2,0,0.0005701251858135542,9.582678634389255e-07
1,0,42224.99742673848,4646666471.971782,1,0.001501481420915192,1.2475257232980345e-05
1,0,84355.92914199563,21445741711.93137,0,0.0013192179544944545,8.113446207030636e-06
1,0,75903.06689970396,14236501051.999071,0,0.0013551783830271166,9.070018364933394e-06
1,0,44743.49906751118,38034617698.519066,0,0.0012349302236183703,6.732661347244349e-06
1,0,2229430.9275649176,51496051589465.63,0,0.0007199133059340126,1.4057946938942413e-06
1,0,2386559.564228034,51023654794202.45,0,0.000777013671902996,1.546724610729111e-06
1,0,945586.1214388353,8086882333997.128,0,0.0009584525143625455,2.6206022962559143e-06
1,0,12847242.358423164,661097890574402.2,0,0.00025294623982174334,3.779151975536123e-07
1,0,73856.3576027776,14689658939.791496,0,0.0013957577975850927,1.0200642301751696e-05
1,0,40540.964908101436,4812925438.541807,0,0.0013555351102032347,1.0294012254687752e-05
1,0,1043126.7744150925,6843881962113.6,0,0.000996402310097417,2.647935541559805e-06
1,0,64251822.30853756,1.8358585781516176e+16,0,1.27401741911414e-05,6.211318180922985e-10
1,0,2728588.9267725567,50221948186731.195,0,0.0007744588712690181,1.5493531718304442e-06
1,0,31043.2184479284,2542028841.0639396,1,0.0012874014135099813,1.1834977081583628e-05
1,0,294500.8369963032,979088131313.9518,0,0.0011017787616732233,4.192223728867285e-06
1,0,1023154.0005257988,6559477885677.52,0,0.0010108258375111287,2.752786816852699e-06
1,0,374516.24043784937,1221792751048.568,0,0.0011523234410607012,4.536714066320528e-06
1,0,52362616.17432573,7872323562801544.0,0,2.423207972979509e-05,5.029883176510374e-09
1,0,471221.5408282335,1984028547118.2715,0,0.0011217358972581643,4.033542519557218e-06
1,0,472710.2854817094,1956857775171.7341,0,0.0011285759464369587,4.084150334651432e-06
1,0,1043126.7744150925,6843881962113.6,0,0.000996402310097417,2.647935541559805e-06
1,0,88622.23564451284,24346781468.649883,0,0.0013037859407692668,7.632495617570737e-06
1,0,79520.569419462,15664449840.99012,0,0.0013571931901841922,9.09035719987821e-06
1,0,374516.24043784937,1221792751048.568,0,0.0011523234410607012,4.536714066320528e-06
1,0,67996.62121080872,12632158851.861708,0,0.0013780820410659918,9.86856765856094e-06
1,0,5491072.402156189,211311425846614.75,0,0.0004891801660009212,8.253084613732282e-07
1,0,577890.3930593277,3500996204671.8794,0,0.001068147033199836,3.576041219798623e-06
1,0,32046.174766177148,2565837065.6667128,1,0.0013077648745009915,1.1949339135797895e-05
1,0,979348.6872722919,6079161906618.297,0,0.0010097719337876848,2.7861591010336267e-06
1,0,72061507.72125208,3.91071145659684e+16,0,6.710624370113718e-06,1.4560386902505853e-10
1,0,3786737.837368598,127655571626200.25,0,0.0006285141835472494,1.083288342989891e-06
1,0,83757.20099720253,17942301573.398987,0,0.0012878428377881936,7.888802396123711e-06
1,0,2346781.507815326,48957015836657.95,0,0.0007861754217176486,1.5855748913837843e-06
1,0,19067.431442644294,1368594560.3092043,1,0.001333766554029528,1.210010140239329e-05
1,0,161515.32111596744,113459390013.83092,0,0.0012805038713690766,7.178082165129581e-06
1,0,99261.23133238894,179023323646.973,0,0.0011803441919505354,5.410067176377156e-06
1,0,1022939.9842301745,6534445161933.52,0,0.0010065712284071668,2.723312787027052e-06
1,0,1397437.2961833563,20966105298565.844,0,0.0008328723880736599,1.8527063938231357e-06
1,0,1040936.8766092439,6796397138715.886,0,0.0010018256134654195,2.6825707726893876e-06
1,0,959562.9802046762,7465429404132.978,0,0.0009889723785053736,2.7368544655045664e-06
1,0,19241.352846065456,977170637.585364,1,0.001313037347882841,1.1629893122296668e-05
1,0,49902.969941248106,6583213598.397124,1,0.0015000531313847892,1.2324192392908253e-05
1,0,2625071.504518176,77789945467499.02,0,0.0006913019716910378,1.3193693729033893e-06
1,0,746.3462641847858,2197960.7953461725,0,0.0011550658263537292,7.5627889366059084e-06
1,0,13751.519450736054,866910062.7472706,1,0.001331316534824188,1.1773944790884022e-05
1,0,118703.91742378304,34445311525.494095,0,0.0013361617385321343,8.136524581590582e-06
1,0,1033457.7394951694,6714697096566.546,0,0.0010066528656218247,2.7182428260840695e-06
1,0,1043126.7744150925,6843881962113.6,0,0.000996402310097417,2.647935541559805e-06
1,0,1022939.9842301745,6534445161933.52,0,0.0010065712284071668,2.723312787027052e-06
1,0,22364.243831815707,1530161436.0002346,1,0.0013073950271298995,1.222568740883013e-05
1,0,885027.8278806517,8782947702222.689,0,0.0008988282876981808,2.1688979121736343e-06
1,0,64033.02820014369,11326634340.173166,0,0.0013111159277640048,8.611936920763503e-06
1,0,190506.21782881694,545139482156.5827,0,0.0011357656958304256,4.69910548183873e-06
1,0,1022939.9842301745,6534445161933.52,0,0.0010065712284071668,2.723312787027052e-06
1,0,2411925.5119067486,52798145590381.11,0,0.000778766710624822,1.5562830920776703e-06
1,0,17316658.3287262,968642271852984.6,0,0.00023434511301983918,3.4683695372031905e-07
1,0,474691.67097762274,1975644368162.0808,0,0.0011276018218863823,4.0769260022468525e-06
1,0,168573.9645768896,127944708869.62323,0,0.0012769703209226052,7.248963497182002e-06
1,0,82307.525982298,16649171919.658882,0,0.001359958019488101,9.079304586228727e-06
1,0,75145.30975030447,15238416822.623638,0,0.0013928306007694184,1.0102067807207676e-05
1,0,1033457.7394951694,6714697096566.546,0,0.0010066528656218247,2.7182428260840695e-06
1,0,9662357.902451415,479449540829925.7,0,0.00035572818764936277,5.481754798978776e-07
1,0,1368147.0401900138,17192511160633.164,0,0.0008661815500816445,1.969901704273979e-06
1,0,1033457.7394951694,6714697096566.546,0,0.0010066528656218247,2.7182428260840695e-06
1,0,73856.3576027776,14689658939.791496,0,0.0013957577975850927,1.0200642301751696e-05
1,0,1033457.7394951694,6714697096566.546,0,0.0010066528656218247,2.7182428260840695e-06
1,0,6689139.20757144,281130369826448.56,0,0.0004676470715818766,7.769251126655829e-07
1,0,12868598.47829129,667511063243866.1,0,0.0002507084759628802,3.768047860547975e-07
1,0,74731.30416811041,14183552279.344229,0,0.0013468261222621322,8.885703090415934e-06
1,0,793366.2174265857,8078573182605.404,0,0.0009355135598557319,2.6641422838828576e-06
1,0,1021913.5653621166,6691040700173.174,0,0.0010021441377188554,2.6972403409497e-06
1,0,28443.6672912983,3467211039.536799,0,0.0013002219567513104,1.0033178199154341e-05
1,0,64488575.31456084,1.9863996854915576e+16,0,1.3300776801410073e-05,5.642232510725271e-10
1,0,1035516.2078516961,6756703125584.764,0,0.0010011121203381595,2.681372255386336e-06
1,0,1033457.7394951694,6714697096566.546,0,0.0010066528656218247,2.7182428260840695e-06
1,0,281057.90740430524,1318387702128.004,0,0.0011081002856235657,4.103013875275321e-06
1,0,193814.28195175514,588469879228.2987,0,0.0011283515269769784,4.526425891057782e-06
1,0,474691.67097762274,1975644368162.0808,0,0.0011276018218863823,4.0769260022468525e-06
1,0,52432064.1948045,8300563304356436.0,0,2.297917548915942e-05,4.090731597233781e-09
1,0,10036339.4592775,503473985391372.0,0,0.0003351853981640254,5.097360114892942e-07
1,0,1078002.5249899363,7866483604614.012,0,0.00098547948927199,2.5960854332164872e-06
1,0,187958.45158796987,539968895522.4458,0,0.0011419950476848316,4.772216937218671e-06
1,0,383787.36685664643,1231860815850.2114,0,0.0011583641589875534,4.586265493254072e-06
1,0,3786737.837368598,127655571626200.25,0,0.0006285141835472494,1.083288342989891e-06
1,0,1021913.5653621166,6691040700173.174,0,0.0010021441377188554,2.6972403409497e-06
1,0,160473.84231766785,245053881324.61346,0,0.0012156257453914794,6.043824947413582e-06
1,0,3937360.1132372012,146067410816001.66,0,0.0005881242999896672,1.0007472201343915e-06
1,0,130616.95833099786,42540637848.65044,0,0.0013239802284427725,7.859308917568047e-06
1,0,3786737.837368598,127655571626200.25,0,0.0006285141835472494,1.083288342989891e-06
1,0,10752549.282389974,523931250078013.1,0,0.0003178075239357348,4.924243179096227e-07
1,0,2404338.6839993456,51982565740966.18,0,0.0007748971131787604,1.5391288947153454e-06
1,0,6586050.576498161,286430331642682.06,0,0.0004537668321325479,7.312554557930898e-07
1,0,118115.45410422473,34689747669.24775,0,0.0013152997054402616,7.903101775926385e-06
1,0,39606.23189035359,4590902408.301268,0,0.001349636030856351,1.0204110560681555e-05
1,0,10649462.508770427,512526446137873.2,0,0.0003269761455486004,5.008297372388999e-07
1,0,104351.61104865503,198180179022.6578,0,0.0011853617073647234,5.3746602723182865e-06
1,0,1022939.9842301745,6534445161933.52,0,0.0010065712284071668,2.723312787027052e-06
1,0,471970.0639875872,1958754021474.1646,0,0.0011262037689125331,4.062808032281881e-06
1,0,86535.12630223592,20660972755.982327,0,0.0013262245772049613,8.73138444949377e-06
1,0,50670513.04235435,7475096602208952.0,0,2.7310193737313567e-05,4.754992816737028e-09
1,0,243979.94550641024,793387789648.967,0,0.0011370409329611963,4.535369274860514e-06
1,0,14343690.156107802,746560393850119.4,0,0.00023415349595163896,3.453350287004419e-07
1,0,69817204.76498988,3.2956605404628332e+16,0,8.029840407708765e-06,1.778880565982099e-10
1,0,2372266.993039455,63896458082462.03,0,0.0006839107265121194,1.3107378599759217e-06
1,0,31043.2184479284,2542028841.0639396,1,0.0012874014135099813,1.1834977081583628e-05
1,0,410798.5805695188,2041910170962.368,0,0.0010385962635509002,3.435561632102313e-06
1,0,201369.9089931668,500248313152.7514,0,0.0011496160375137172,4.7804439187086145e-06
1,0,2838335.8070878703,67394003176438.2,0,0.0007514040640886577,1.4600460622539301e-06
1,0,1033457.7394951694,6714697096566.546,0,0.0010066528656218247,2.7182428260840695e-06
1,0,99640.23249035663,193345681041.43176,0,0.0011821642923399802,5.402599620766473e-06
1,0,50043785.95973577,7107403770795949.0,0,2.6593936694734344e-05,5.800755952662403e-09
1,0,55389443.27851957,1.0649867016690352e+16,0,1.9300243507891444e-05,1.9286464856648753e-09
1,0,1588636.4907056852,25806406134530.97,0,0.0007756961639061422,1.61506336679126e-06
1,0,1427602.4468927232,15601945638271.322,0,0.0009101792929603837,2.181887088752635e-06
1,0,622683.4742864931,2826279775386.995,0,0.0011247185295885395,3.885642623363981e-06
1,0,82307.525982298,16649171919.658882,0,0.001359958019488101,9.079304586228727e-06
1,0,474691.67097762274,1975644368162.0808,0,0.0011276018218863823,4.0769260022468525e-06
1,0,1033457.7394951694,6714697096566.546,0,0.0010066528656218247,2.7182428260840695e-06
1,0,1114.9123205723342,4904792.562820195,0,0.0011744467597560153,7.836510186220196e-06
1,0,26541.964543449903,1967802353.647578,1,0.0013232417729521885,1.229389755056933e-05
1,0,383787.36685664643,1231860815850.2114,0,0.0011583641589875534,4.586265493254072e-06
1,0,1918479.2100962936,40340287356686.31,0,0.0007289000090589158,1.5024458994072189e-06
1,0,470547.1912732676,1933106147817.951,0,0.001127550227125536,4.086909570820827e-06
1,0,13926.083987689108,1163873808.644351,1,0.001332112836110935,1.1318699716029364e-05
1,0,93238.91615243898,22107310329.48107,0,0.001314988187324946,8.11265380032793e-06
1,0,4794653.126971347,176460223938767.6,0,0.0004866110771543801,8.000695968076375e-07
1,0,419113.9420414244,2135928079818.1501,0,0.0010659589123835024,3.6030702619041656e-06
1,0,337330.4132183476,1229544027361.176,0,0.0011060169045188693,4.238839337219301e-06
1,0,758268.67874486,3503664580321.963,0,0.0010817496002481317,3.4246362444427056e-06
1,0,22317.062201590838,1321982637.1664813,1,0.001417543093926299,1.13968562238214e-05
1,0,748568.262071399,3571227084362.517,0,0.0010780701484124481,3.416387543046976e-06
1,0,3076874.713919561,90434850105476.8,0,0.0006643236260368824,1.1802099921694896e-06
1,0,584737.9195358958,3737714910962.8647,0,0.0010634661171993458,3.5436567663960626e-06
1,0,66571953.92814836,2.4067339970504948e+16,0,1.085504045266694e-05,3.599973954913042e-10
1,0,1179692.6756018503,15897394366476.926,0,0.0008549308389266865,1.953533563182805e-06
1,0,187405.25250670064,522269944675.3534,0,0.0011383842415368308,4.74296381995608e-06
1,0,1623911.7583946288,26927437771767.918,0,0.0007683984432568091,1.583715142260914e-06
1,0,2599881.5866768747,55727522598163.65,0,0.0007945062353722225,1.679096820069154e-06
1,0,39311.49518564426,3734778956.5197372,1,0.0013638386540265675,1.2267837074021385e-05
1,0,808022.3633862465,6455294212462.131,0,0.0009556243344081321,2.6900744347044922e-06
1,0,10378778.111919997,500526092896883.9,0,0.00032306388990926624,5.012970344027364e-07
1,0,1422314.2363461086,17545338833781.357,0,0.0008866245033798273,2.0413148297088414e-06
1,0,17489.977985875088,1387925110.3138697,1,0.0013109048086918443,1.1794213773381735e-05
1,0,72146.49314136631,13972407611.709198,0,0.001288881468198741,8.059051008146351e-06
1,0,472710.2854817094,1956857775171.7341,0,0.0011285759464369587,4.084150334651432e-06
1,0,43839.87777772116,4309014680.51939,1,0.001403776686978903,1.2283332567762843e-05
1,0,70532.95219593476,13550808323.810715,0,0.001284104519140359,7.98948699612261e-06
1,0,12316176.169272201,664782760892082.8,0,0.00028637002411127736,4.255291393068643e-07
1,0,21827.58328450082,1235763084.9550657,1,0.0014127497363194874,1.1491501430876566e-05
1,0,38027954.37506529,3345469738337409.5,0,4.847755767790724e-05,2.9694111524421848e-08
1,0,2389597.2792100213,51500209230683.54,0,0.0007801073761151522,1.560061476274804e-06
1,0,159691.11771365715,244821292054.8266,0,0.0012013983965629643,5.525365624017121e-06
1,0,2418119.000979623,52984558773987.09,0,0.0007766872122693612,1.5473500802295916e-06
1,0,1033457.7394951694,6714697096566.546,0,0.0010066528656218247,2.7182428260840695e-06
1,0,111076.80868787866,31654023068.70162,0,0.0013209398364351142,7.890074386817168e-06
1,0,1731157.1656989332,23034340746321.42,0,0.0008596658542093177,1.9870293784158392e-06
1,0,231128.44954719514,443304195483.0639,0,0.0011961135955303205,5.354902460884668e-06
1,0,0.0,0.0,0,0.0010047549098470177,5.481456778256528e-06
1,0,1033457.7394951694,6714697096566.546,0,0.0010066528656218247,2.7182428260840695e-06
1,0,578826.9713281979,3597583316067.116,0,0.0010708340871564378,3.6012713264650085e-06
1,0,2416400.8998529925,52959791936656.92,0,0.0007755579419147687,1.5435586178828299e-06
1,0,43826.89780839647,4281358349.3445115,1,0.0014072975560120954,1.2350955183989637e-05
1,0,1374029.9711731013,15213383774515.232,0,0.0008942000672676133,2.1352458094414964e-06
1,0,95884.45633480935,23880812982.783596,0,0.001343505268675682,9.022966405343753e-06
1,0,45939.60015178422,6587579789.416794,0,0.001356808421668925,9.576243928441684e-06
1,0,21090.183591699828,2657362486.372087,0,0.0012812637340804906,9.843086397863971e-06
1,0,584724.7534688074,3702196741368.95,0,0.0010596751813968088,3.50507281286895e-06
1,0,85009.31924748661,22788467637.688576,0,0.0013011650951135728,7.653476779233979e-06
1,0,17076.291854671872,2082353394.6378648,0,0.0012886284808152255,9.794099751525833e-06
1,0,121049.48687222612,38102540185.98465,0,0.001311900865904854,7.691598850533059e-06
1,0,385085.0672602153,928005423336.145,0,0.001185580330817446,4.979866032138969e-06
1,0,1832408.2630688562,35388106823093.33,0,0.0007637768760213617,1.5706471954569127e-06
1,0,73556.56530065121,15184269314.673582,0,0.0013063619771169729,8.256890795722954e-06
1,0,437111.1073712478,1671540900365.8726,0,0.0010530838565643648,3.5961418639481154e-06
